car_age,km_driven,fuel_Diesel,fuel_Electric,fuel_LPG,fuel_Petrol,seller_type_Individual,seller_type_Trustmark Dealer,transmission_Manual,owner_Fourth & Above Owner,owner_Second Owner,owner_Test Drive Car,owner_Third Owner,Actual_Price,Predicted_Price,Prediction_Error,Absolute_Error
13,88000,True,False,False,False,True,False,True,False,True,False,False,430000,331724.02761904756,98275.97238095244,98275.97238095244
14,235000,True,False,False,False,True,False,True,False,True,False,False,434999,435200.0,-201.0,201.0
16,110000,False,False,False,True,True,False,True,False,False,False,False,130000,137696.66666666666,-7696.666666666657,7696.666666666657
12,40000,False,False,False,True,True,False,True,False,True,False,False,351000,214459.26571428566,136540.73428571434,136540.73428571434
9,70000,False,False,False,True,True,False,True,False,True,False,False,600000,360024.6666666666,239975.33333333337,239975.33333333337
15,60000,True,False,False,False,True,False,True,False,False,False,True,195000,204588.57142857142,-9588.57142857142,9588.57142857142
7,15000,True,False,False,False,True,False,True,False,False,False,False,800000,849765.0000000001,-49765.00000000012,49765.00000000012
11,32000,False,False,False,True,False,False,True,False,False,False,False,245000,374200.0,-129200.0,129200.0
12,190621,True,False,False,False,False,False,True,False,False,False,False,300000,604949.76,-304949.76,304949.76
9,15000,False,False,False,True,False,False,True,False,True,False,False,210000,327534.92,-117534.91999999998,117534.91999999998
11,55000,True,False,False,False,False,False,True,False,False,False,False,399000,622454.9999999999,-223454.99999999988,223454.99999999988
13,90000,True,False,False,False,True,False,True,False,False,False,False,400000,318668.62656343664,81331.37343656336,81331.37343656336
15,50000,False,False,False,True,True,False,True,False,False,False,False,135000,219072.61904761902,-84072.61904761902,84072.61904761902
15,28481,False,False,False,True,False,False,True,False,False,False,False,260000,258679.98,1320.0199999999895,1320.0199999999895
11,55000,True,False,False,False,False,False,True,False,False,False,False,530000,622454.9999999999,-92454.99999999988,92454.99999999988
10,50000,False,False,False,True,True,False,True,False,True,False,False,330000,346973.6507936508,-16973.650793650828,16973.650793650828
13,53000,True,False,False,False,True,False,True,False,False,False,False,450000,249860.0,200140.0,200140.0
7,5000,False,False,False,True,True,False,True,False,False,False,False,350000,395432.2233322233,-45432.22333222331,45432.22333222331
11,65000,True,False,False,False,False,False,True,False,False,False,False,565000,554346.66,10653.339999999967,10653.339999999967
10,47000,True,False,False,False,True,False,True,False,False,False,False,900000,805903.5514285713,94096.44857142866,94096.44857142866
16,50000,False,False,False,True,True,False,True,False,True,False,False,240000,152019.49272949272,87980.50727050728,87980.50727050728
21,120000,True,False,False,False,True,False,True,False,False,False,False,70000,139204.1666666667,-69204.16666666669,69204.16666666669
15,60000,False,False,False,True,True,False,True,False,False,False,True,150000,135477.11483333335,14522.885166666645,14522.885166666645
14,82000,True,False,False,False,True,False,True,False,False,False,False,790000,406476.735447559,383523.264552441,383523.264552441
16,50000,True,False,False,False,True,False,True,False,False,False,False,400000,232490.5,167509.5,167509.5
7,11240,False,False,False,True,True,False,True,False,False,False,False,800000,783442.3015873015,16557.69841269846,16557.69841269846
15,60000,False,False,True,False,True,False,True,False,True,False,False,229999,140968.32933333333,89030.67066666667,89030.67066666667
7,11000,False,False,False,True,True,False,True,False,False,False,False,750000,855242.3015873015,-105242.30158730154,105242.30158730154
17,50000,True,False,False,False,True,False,True,False,False,False,False,130000,167842.5,-37842.5,37842.5
20,120000,True,False,False,False,True,False,True,True,False,False,False,50000,134097.85714285716,-84097.85714285716,84097.85714285716
14,80000,True,False,False,False,True,False,True,False,False,False,True,120000,211211.58730158734,-91211.58730158734,91211.58730158734
11,70000,True,False,False,False,True,False,False,False,True,False,False,750000,836171.6266666666,-86171.62666666659,86171.62666666659
14,110000,True,False,False,False,True,False,True,False,False,False,False,120000,220948.80189255186,-100948.80189255186,100948.80189255186
10,55000,True,False,False,False,False,False,True,False,False,False,False,630000,605800.0,24200.0,24200.0
9,60000,False,False,False,True,True,False,True,False,False,False,False,509000,419578.49206349207,89421.50793650793,89421.50793650793
17,50000,False,False,False,True,True,False,True,True,False,False,False,125000,270810.3174603175,-145810.3174603175,145810.3174603175
18,50000,False,False,False,True,True,False,True,False,False,False,True,150000,138890.63492063494,11109.36507936506,11109.36507936506
14,110000,False,False,False,True,True,False,True,False,False,False,True,280000,226190.0,53810.0,53810.0
11,45000,False,False,False,True,True,False,True,False,False,False,False,229999,234142.63785714284,-4143.637857142836,4143.637857142836
8,50000,True,False,False,False,True,False,True,False,False,False,False,850000,659236.1904761905,190763.80952380947,190763.80952380947
20,80000,False,False,False,True,True,False,True,False,False,False,False,100000,106755.0,-6755.0,6755.0
6,1010,False,False,False,True,False,False,True,False,False,True,False,1119000,890526.3634166664,228473.6365833336,228473.6365833336
18,110000,False,False,False,True,True,False,True,False,False,False,True,65000,137236.89476190478,-72236.89476190478,72236.89476190478
11,210000,True,False,False,False,True,False,True,False,False,False,False,210000,581650.0,-371650.0,371650.0
8,17000,False,False,False,True,True,False,True,False,False,False,False,300000,510316.2287348272,-210316.2287348272,210316.2287348272
17,50000,True,False,False,False,True,False,True,False,False,False,False,300000,167842.5,132157.5,132157.5
18,80000,False,False,False,True,True,False,True,False,False,False,False,160000,136496.42857142855,23503.57142857145,23503.57142857145
7,30000,True,False,False,False,True,False,True,False,False,False,False,800000,1067529.1666666667,-267529.16666666674,267529.16666666674
7,8000,False,False,False,True,True,False,True,False,False,False,False,715000,544906.3827838828,170093.6172161172,170093.6172161172
13,80000,True,False,False,False,True,False,True,False,True,False,False,315000,262598.0952380952,52401.90476190479,52401.90476190479
14,40000,True,False,False,False,True,False,True,False,False,False,False,625000,336077.38095238095,288922.61904761905,288922.61904761905
15,90000,True,False,False,False,True,False,True,False,False,False,False,390000,174576.22435897437,215423.77564102563,215423.77564102563
9,15000,False,False,False,True,True,False,True,False,False,False,False,750000,505408.02461427444,244591.97538572556,244591.97538572556
22,100000,False,False,False,True,True,False,True,False,False,False,True,105000,96900.0,8100.0,8100.0
12,35000,False,False,False,True,True,False,True,False,False,False,False,300000,384845.11904761905,-84845.11904761905,84845.11904761905
18,30000,False,False,False,True,True,False,True,False,False,False,False,114999,199510.0,-84511.0,84511.0
16,100000,True,False,False,False,True,False,True,False,False,False,False,350000,295896.0,54104.0,54104.0
12,75000,False,False,False,True,True,False,True,False,False,False,False,300000,259989.0476190476,40010.952380952396,40010.952380952396
12,15000,False,False,False,True,True,False,False,False,False,False,False,400000,644983.0752380952,-244983.07523809525,244983.07523809525
10,70000,True,False,False,False,True,False,True,False,True,False,False,800000,817994.5833333333,-17994.583333333256,17994.583333333256
9,36000,True,False,False,False,False,False,True,False,False,False,False,425000,577013.3333333334,-152013.33333333337,152013.33333333337
16,120000,True,False,False,False,True,False,True,False,False,False,False,250000,388126.0548106061,-138126.05481060612,138126.05481060612
17,52536,False,False,False,True,True,False,True,False,False,False,False,199000,199228.88888888888,-228.88888888887595,228.88888888887595
7,25000,True,False,False,False,True,False,True,False,False,False,False,750000,793171.6666666667,-43171.666666666744,43171.666666666744
14,45454,True,False,False,False,False,False,True,False,False,False,False,390000,376200.0,13800.0,13800.0
8,25000,True,False,False,False,True,False,True,False,False,False,False,800000,703330.7699245199,96669.23007548007,96669.23007548007
14,90000,True,False,False,False,True,False,True,False,False,False,False,300000,371427.4059927,-71427.40599270002,71427.40599270002
9,60000,True,False,False,False,True,False,True,False,False,False,False,650000,641899.146964147,8100.8530358530115,8100.8530358530115
11,69782,False,False,False,True,False,False,True,False,False,False,False,550000,316387.8733766234,233612.12662337662,233612.12662337662
19,50000,False,False,False,True,True,False,True,False,True,False,False,85000,120639.16666666669,-35639.166666666686,35639.166666666686
10,60000,True,False,False,False,True,False,True,False,False,False,False,650000,612197.0143712673,37802.98562873271,37802.98562873271
12,120000,True,False,False,False,True,False,True,False,True,False,False,475000,338949.0476190477,136050.9523809523,136050.9523809523
11,76000,True,False,False,False,True,False,True,False,False,False,False,450000,573124.99,-123124.98999999999,123124.98999999999
8,70000,True,False,False,False,True,False,True,False,False,False,False,500000,800380.9523809525,-300380.95238095254,300380.95238095254
11,100000,True,False,False,False,True,False,True,False,False,False,True,400000,478664.18984126986,-78664.18984126986,78664.18984126986
11,46000,False,False,False,True,True,False,True,False,True,False,False,285000,344676.2995238096,-59676.299523809575,59676.299523809575
21,56580,False,False,False,True,False,False,True,False,False,False,False,80000,80000.0,0.0,0.0
13,30000,False,False,False,True,True,False,True,False,False,False,False,164000,245684.66666666672,-81684.66666666672,81684.66666666672
7,10000,False,False,False,False,True,False,True,False,False,False,False,520000,493268.40980948874,26731.590190511255,26731.590190511255
13,100000,False,False,False,True,True,False,True,False,False,False,False,350000,373602.1356421356,-23602.135642135574,23602.135642135574
9,106000,True,False,False,False,True,False,True,False,False,False,False,744000,616129.0476190476,127870.95238095243,127870.95238095243
14,137250,True,False,False,False,True,False,True,False,True,False,False,345000,262835.7142857143,82164.28571428568,82164.28571428568
16,80251,False,False,False,False,False,False,True,False,True,False,False,88000,207063.9731904762,-119063.97319047619,119063.97319047619
7,16000,False,False,False,True,True,False,False,False,False,False,False,400000,477377.05333333334,-77377.05333333334,77377.05333333334
24,40000,False,False,False,True,True,False,True,False,False,False,False,125000,89519.95,35480.05,35480.05
21,92645,True,False,False,False,False,False,True,True,False,False,False,114999,280269.98,-165270.97999999998,165270.97999999998
14,97000,False,False,False,False,True,False,True,False,True,False,False,170000,245985.57523809525,-75985.57523809525,75985.57523809525
11,80000,True,False,False,False,True,False,True,False,False,False,False,625000,495765.35714285716,129234.64285714284,129234.64285714284
21,120000,False,False,False,True,True,False,True,False,False,False,True,80000,85903.2158730159,-5903.215873015899,5903.215873015899
11,140000,True,False,False,False,True,False,True,False,False,False,True,480000,599033.2133333334,-119033.21333333338,119033.21333333338
15,80000,True,False,False,False,True,False,True,False,False,False,True,180000,196412.94191919197,-16412.941919191973,16412.941919191973
14,80000,True,False,False,False,True,False,True,False,False,False,False,300000,483429.872504946,-183429.87250494602,183429.87250494602
16,107500,True,False,False,False,False,False,True,False,False,False,False,170000,320167.49999999994,-150167.49999999994,150167.49999999994
9,32077,True,False,False,False,False,True,True,False,False,False,False,750000,633405.8254999999,116594.17450000008,116594.17450000008
10,41000,False,False,False,True,False,False,True,False,False,False,False,239000,249519.91381167862,-10519.91381167862,10519.91381167862
14,100000,True,False,False,False,True,False,True,False,False,False,False,600000,516369.63203463197,83630.36796536803,83630.36796536803
12,150000,True,False,False,False,True,False,True,False,False,False,False,300000,409699.99,-109699.98999999999,109699.98999999999
11,30500,False,False,False,True,False,False,False,False,True,False,False,395000,447946.62666666665,-52946.62666666665,52946.62666666665
7,20000,True,False,False,False,True,False,True,False,False,False,False,650000,892856.4697549018,-242856.46975490183,242856.46975490183
10,60000,False,False,False,True,True,False,True,False,False,False,False,245000,371335.4761904761,-126335.4761904761,126335.4761904761
9,31489,False,False,False,True,True,False,True,False,False,False,False,300000,379109.1159368157,-79109.11593681568,79109.11593681568
9,13500,True,False,False,False,True,False,True,False,False,False,False,825000,824800.0,200.0,200.0
11,25000,False,False,False,True,True,False,True,False,False,False,False,850000,483458.43628593633,366541.56371406367,366541.56371406367
23,120000,True,False,False,False,True,False,True,False,True,False,False,50000,103125.0,-53125.0,53125.0
12,90000,False,False,False,True,True,False,True,False,True,False,False,350000,229301.66666666663,120698.33333333337,120698.33333333337
16,110000,True,False,False,False,True,False,True,True,False,False,False,320000,224345.8333333333,95654.16666666669,95654.16666666669
11,128000,True,False,False,False,True,False,True,False,False,False,False,940000,427197.5,512802.5,512802.5
12,90000,True,False,False,False,True,False,True,False,False,False,False,291000,425899.830763098,-134899.83076309803,134899.83076309803
8,12500,False,False,False,True,True,False,True,False,False,False,False,850000,483583.7466666667,366416.2533333333,366416.2533333333
11,113600,True,False,False,False,True,False,True,False,False,False,False,550000,495066.7316017316,54933.26839826838,54933.26839826838
18,100000,True,False,False,False,True,False,True,False,False,False,False,155000,207596.6366666667,-52596.63666666669,52596.63666666669
10,52600,True,False,False,False,True,False,True,False,False,False,False,535000,535000.0,0.0,0.0
27,100000,False,False,False,True,True,False,True,False,True,False,False,50000,61661.66666666667,-11661.666666666672,11661.666666666672
16,40000,False,False,False,True,True,False,True,False,True,False,False,150000,184957.2023809524,-34957.202380952396,34957.202380952396
19,114000,False,False,False,True,True,False,True,False,True,False,False,75000,122324.27453102452,-47324.27453102452,47324.27453102452
16,70000,False,False,False,True,True,False,True,False,True,False,False,114999,271193.6735231435,-156194.67352314352,156194.67352314352
12,75000,True,False,False,False,True,False,True,False,True,False,False,525000,504975.2152380952,20024.784761904797,20024.784761904797
9,70000,True,False,False,False,True,False,True,False,False,False,False,675000,662034.642857143,12965.357142857043,12965.357142857043
21,60000,False,False,False,True,True,False,True,False,True,False,False,70000,90414.02777777778,-20414.02777777778,20414.02777777778
12,40000,False,False,False,True,True,False,True,False,False,False,False,425000,196641.76152597403,228358.23847402597,228358.23847402597
19,58000,False,False,False,True,False,False,True,False,True,False,False,80000,109641.66666666666,-29641.666666666657,29641.666666666657
12,155000,True,False,False,False,True,False,True,False,False,False,False,420000,437199.92,-17199.919999999984,17199.919999999984
13,69000,True,False,False,False,True,False,True,False,False,False,False,660000,247842.632034632,412157.367965368,412157.367965368
20,96000,False,False,False,True,True,False,True,False,True,False,False,75000,92040.59523809522,-17040.595238095222,17040.595238095222
21,20000,False,False,False,True,True,False,True,False,True,False,False,120000,86960.0,33040.0,33040.0
11,128000,True,False,False,False,True,False,True,False,False,False,False,940000,427197.5,512802.5,512802.5
13,78000,True,False,False,False,False,False,True,False,False,False,False,225000,400675.23809523805,-175675.23809523805,175675.23809523805
9,25000,False,False,False,True,True,False,True,False,False,False,False,350000,481515.2281453633,-131515.22814536327,131515.22814536327
10,35000,True,False,False,False,True,False,True,False,False,False,False,700000,751701.829004329,-51701.82900432905,51701.82900432905
15,90000,True,False,False,False,True,False,False,False,True,False,False,1000000,767590.0,232410.0,232410.0
8,10000,False,False,False,True,True,False,True,False,False,False,False,500000,464841.88215678744,35158.11784321256,35158.11784321256
23,35000,True,False,False,False,True,False,True,False,True,False,False,55000,179400.0,-124400.0,124400.0
15,235000,True,False,False,False,True,False,False,False,False,False,False,450000,587870.0,-137870.0,137870.0
20,100000,True,False,False,False,True,False,True,False,True,False,False,115999,116900.84666666666,-901.8466666666645,901.8466666666645
7,16000,False,False,False,True,True,False,True,False,False,False,False,700000,644209.7681485182,55790.23185148183,55790.23185148183
17,178000,True,False,False,False,True,False,True,False,True,False,False,300000,316000.0,-16000.0,16000.0
14,85962,False,False,False,True,False,False,True,False,True,False,False,300000,339776.82333333336,-39776.82333333336,39776.82333333336
13,80000,True,False,False,False,True,False,True,True,False,False,False,250000,339979.53607649595,-89979.53607649595,89979.53607649595
14,54000,False,False,False,True,False,False,True,False,False,False,False,235000,251712.13,-16712.130000000005,16712.130000000005
11,60000,False,False,False,True,True,False,True,False,True,False,False,190000,297277.5,-107277.5,107277.5
12,60000,False,False,False,True,True,False,True,True,False,False,False,229999,397134.10173160175,-167135.10173160175,167135.10173160175
11,63240,True,False,False,False,False,True,True,False,False,False,False,575000,509910.0,65090.0,65090.0
8,6000,False,False,False,True,True,False,True,False,False,False,False,450000,401313.9260714285,48686.07392857148,48686.07392857148
14,90000,False,False,False,True,True,False,True,False,False,False,False,350000,205542.2222222222,144457.7777777778,144457.7777777778
12,44416,False,False,False,True,False,False,True,False,False,False,False,140000,284928.3333333333,-144928.3333333333,144928.3333333333
16,100000,False,False,False,True,True,False,True,True,False,False,False,165000,172900.0,-7900.0,7900.0
14,140000,True,False,False,False,True,False,True,False,True,False,False,320000,249550.0,70450.0,70450.0
16,60000,False,False,False,True,True,False,True,False,True,False,False,99000,194409.0674603175,-95409.06746031751,95409.06746031751
13,50000,False,False,False,True,True,False,True,False,False,False,False,380000,325425.57858807856,54574.421411921445,54574.421411921445
14,80000,True,False,False,False,True,False,True,False,True,False,False,415000,358061.5550625846,56938.44493741542,56938.44493741542
10,11958,False,False,False,True,False,False,True,False,False,False,False,495000,521919.98,-26919.97999999998,26919.97999999998
14,52000,True,False,False,False,False,False,True,False,False,False,False,385000,385000.0,0.0,0.0
9,23000,False,False,False,True,False,False,False,False,False,False,False,1035000,621076.7188167388,413923.2811832612,413923.2811832612
12,37516,True,False,False,False,True,False,True,False,False,False,False,346000,422144.9876666667,-76144.98766666668,76144.98766666668
7,10000,True,False,False,False,True,False,True,False,False,False,False,950000,984695.8333333333,-34695.833333333256,34695.833333333256
14,55766,False,False,False,True,True,False,True,False,True,False,False,150000,199895.1587301587,-49895.1587301587,49895.1587301587
13,60000,False,False,False,True,True,False,True,False,False,False,False,200000,257984.16666666663,-57984.16666666663,57984.16666666663
9,10000,False,False,False,True,True,False,True,False,False,False,False,350000,492076.3888888889,-142076.38888888888,142076.38888888888
17,48000,False,False,False,True,True,False,True,False,False,False,False,250000,231377.97030303034,18622.029696969665,18622.029696969665
14,50000,False,False,False,True,True,False,True,False,True,False,False,430000,199684.76190476186,230315.23809523814,230315.23809523814
17,109000,True,False,False,False,True,False,True,False,True,False,False,210000,209759.83213389388,240.16786610611598,240.16786610611598
15,60000,False,False,False,True,True,False,True,False,True,False,False,140000,115111.66266666666,24888.337333333344,24888.337333333344
14,120000,True,False,False,False,True,False,True,False,True,False,False,550000,414018.6481573981,135981.3518426019,135981.3518426019
9,50000,True,False,False,False,True,False,True,False,True,False,False,700000,496561.4285714285,203438.57142857148,203438.57142857148
12,55000,False,False,False,True,False,False,True,False,False,False,False,265000,285940.0,-20940.0,20940.0
21,100000,False,False,False,True,True,False,True,False,False,False,True,100000,104200.95238095237,-4200.952380952367,4200.952380952367
16,60000,False,False,False,True,True,False,True,False,True,False,False,210000,194409.0674603175,15590.932539682486,15590.932539682486
9,23000,False,False,False,True,True,False,True,False,False,False,False,650000,408197.4423809524,241802.55761904758,241802.55761904758
20,132000,False,False,False,True,True,False,True,False,False,False,False,165000,86951.66666666669,78048.33333333331,78048.33333333331
9,10000,False,False,False,True,True,False,False,False,False,False,False,1100000,946302.5,153697.5,153697.5
14,12000,False,False,False,True,True,False,True,False,False,False,False,155000,403466.44666666666,-248466.44666666666,248466.44666666666
12,101504,True,False,False,False,False,False,True,False,False,False,False,750000,480649.99999999994,269350.00000000006,269350.00000000006
10,43700,False,False,False,True,True,False,True,False,False,False,False,220000,280757.32111111115,-60757.321111111145,60757.321111111145
11,55340,False,False,False,True,False,True,True,False,False,False,False,760000,760000.0,0.0,0.0
14,100000,False,False,False,True,True,False,True,False,True,False,False,300000,238177.53463203463,61822.46536796537,61822.46536796537
8,10200,False,False,False,True,False,False,True,False,False,False,False,401000,476545.89602272725,-75545.89602272725,75545.89602272725
16,38000,False,False,False,True,False,False,True,False,False,False,False,190000,199715.55555555556,-9715.555555555562,9715.555555555562
13,1000,True,False,False,False,False,False,True,False,True,False,False,450000,450000.0,0.0,0.0
19,81366,False,False,False,True,True,False,True,False,False,False,False,120000,115233.33333333331,4766.666666666686,4766.666666666686
10,35000,True,False,False,False,True,False,True,False,False,False,False,430000,751701.829004329,-321701.82900432905,321701.82900432905
20,124439,False,False,False,True,True,False,True,False,True,False,False,65000,97165.35714285714,-32165.357142857145,32165.357142857145
9,50000,True,False,False,False,True,False,True,False,False,False,False,700000,728548.3784246584,-28548.37842465844,28548.37842465844
14,80000,False,False,False,True,True,False,True,False,False,False,False,150000,191675.47619047615,-41675.476190476154,41675.476190476154
13,45241,False,False,False,True,False,False,True,False,False,False,False,495000,336300.0,158700.0,158700.0
8,15000,True,False,False,False,True,False,True,False,False,False,False,720000,1053553.3333333335,-333553.3333333335,333553.3333333335
11,66521,False,False,False,True,False,True,True,False,False,False,False,775000,882250.0,-107250.0,107250.0
20,80000,False,False,False,True,True,False,False,False,False,False,True,225000,171300.0,53700.0,53700.0
12,100000,True,False,False,False,True,False,True,False,True,False,False,550000,537536.6883116883,12463.311688311747,12463.311688311747
21,34000,False,False,False,True,False,False,True,False,False,False,False,125000,111420.0,13580.0,13580.0
12,55850,True,False,False,False,False,False,True,False,False,False,False,455000,467109.74,-12109.73999999999,12109.73999999999
16,30000,False,False,False,True,True,False,True,False,False,False,False,140000,205416.66666666663,-65416.66666666663,65416.66666666663
14,170000,True,False,False,False,True,False,True,False,False,False,False,600000,362656.6666666666,237343.33333333337,237343.33333333337
9,43608,False,False,False,True,False,True,True,False,False,False,False,585000,670099.98,-85099.97999999998,85099.97999999998
10,138925,False,False,False,True,False,False,True,False,False,False,False,696000,307560.0,388440.0,388440.0
19,125000,False,False,False,True,True,False,True,False,False,False,False,140000,116900.0,23100.0,23100.0
15,40000,False,False,False,True,True,False,True,False,True,False,False,500000,184956.245,315043.755,315043.755
19,100000,False,False,False,True,True,False,True,False,True,False,False,90000,124644.54040404037,-34644.54040404037,34644.54040404037
17,100000,True,False,False,False,True,False,False,False,True,False,False,355000,386600.0,-31600.0,31600.0
14,140000,True,False,False,False,True,False,True,False,False,False,False,120000,229640.0,-109640.0,109640.0
25,72539,False,False,False,True,True,False,True,False,True,False,False,45000,75685.42857142858,-30685.42857142858,30685.42857142858
19,90000,False,False,False,True,True,False,True,True,False,False,False,110000,95503.33333333334,14496.666666666657,14496.666666666657
10,30000,False,False,False,True,True,False,True,False,False,False,False,340000,284144.3070818072,55855.69291819283,55855.69291819283
11,120000,True,False,False,False,True,False,True,False,False,False,True,350000,522353.9464790765,-172353.94647907652,172353.94647907652
20,200000,True,False,False,False,True,False,True,False,False,False,True,229999,141587.43,88411.57,88411.57
9,20000,False,False,False,True,True,False,False,False,False,False,False,300000,587948.9609371021,-287948.9609371021,287948.9609371021
16,100000,True,False,False,False,True,False,True,False,False,False,True,310000,207482.14285714284,102517.85714285716,102517.85714285716
12,70000,False,False,False,True,True,False,True,False,True,False,False,210000,356649.16666666674,-146649.16666666674,146649.16666666674
11,55000,False,False,False,True,True,False,True,False,False,False,False,375000,208091.0,166909.0,166909.0
8,4400,False,False,False,True,True,False,True,False,True,False,False,400000,312749.9966666667,87250.0033333333,87250.0033333333
11,11918,False,False,False,True,False,True,True,False,False,False,False,625000,625000.0,0.0,0.0
12,100000,True,False,False,False,True,False,True,False,True,False,False,380000,537536.6883116883,-157536.68831168825,157536.68831168825
8,28635,False,False,False,True,False,False,True,False,False,False,False,1000000,374770.0,625230.0,625230.0
17,70000,False,False,False,True,True,False,True,True,False,False,False,120000,133021.58333333334,-13021.583333333343,13021.583333333343
18,35008,False,False,False,True,False,False,True,False,False,False,False,221000,217382.50000000003,3617.499999999971,3617.499999999971
14,92686,True,False,False,False,False,False,True,False,True,False,False,310000,338293.1666666666,-28293.166666666628,28293.166666666628
16,58850,False,False,False,True,False,False,True,False,False,False,False,75000,156846.61666666667,-81846.61666666667,81846.61666666667
14,15000,False,False,False,True,True,False,True,False,False,False,False,210000,256996.39666666667,-46996.39666666667,46996.39666666667
8,50000,True,False,False,False,True,False,True,False,False,False,False,780000,659236.1904761905,120763.80952380947,120763.80952380947
25,60000,False,False,False,True,True,False,True,False,False,False,True,65000,63526.66666666667,1473.3333333333285,1473.3333333333285
19,50000,False,False,False,True,True,False,True,False,True,False,False,123000,120639.16666666669,2360.833333333314,2360.833333333314
14,80000,True,False,False,False,True,False,True,False,True,False,False,285000,358061.5550625846,-73061.55506258458,73061.55506258458
14,40000,False,False,False,True,True,False,True,False,False,False,False,260000,297569.03761904757,-37569.037619047565,37569.037619047565
10,23000,False,False,False,True,False,False,True,False,False,False,False,550000,460659.94,89340.06,89340.06
16,186000,True,False,False,False,True,False,False,False,True,False,False,350000,398750.0,-48750.0,48750.0
8,26000,False,False,False,True,False,False,False,False,False,False,False,725000,649585.0,75415.0,75415.0
9,64000,True,False,False,False,False,False,True,False,False,False,False,751000,832088.888888889,-81088.88888888899,81088.88888888899
18,60000,False,False,False,True,True,False,True,True,False,False,False,155000,116120.87619047618,38879.12380952382,38879.12380952382
10,50000,True,False,False,False,True,False,True,False,False,False,False,575000,657821.3095238094,-82821.30952380935,82821.30952380935
7,50000,False,False,False,True,True,False,True,False,False,False,False,340000,330413.70851370855,9586.291486291448,9586.291486291448
17,50000,False,False,False,True,True,False,True,False,False,False,False,300000,279674.6031746032,20325.396825396805,20325.396825396805
18,100000,False,False,False,True,True,False,True,False,False,False,False,69000,102470.0,-33470.0,33470.0
14,120000,True,False,False,False,True,False,True,False,False,False,True,409999,531955.8694083695,-121956.86940836953,121956.86940836953
9,67000,True,False,False,False,True,False,True,False,False,False,False,650000,552217.7380952381,97782.2619047619,97782.2619047619
8,5000,False,False,False,True,True,False,True,False,False,False,False,900000,405488.5994509102,494511.4005490898,494511.4005490898
13,60000,True,False,False,False,True,False,True,False,True,False,False,500000,251275.28365079366,248724.71634920634,248724.71634920634
20,80000,False,False,False,True,True,False,True,False,False,False,True,75000,121075.0,-46075.0,46075.0
10,75000,True,False,False,False,False,False,True,False,False,False,False,919999,724569.98,195429.02000000002,195429.02000000002
7,35000,True,False,False,False,True,False,True,False,True,False,False,730000,758085.8266666665,-28085.826666666544,28085.826666666544
14,60000,True,False,False,False,True,False,True,False,False,False,False,600000,181983.27,418016.73,418016.73
8,40000,False,False,False,True,True,False,True,False,False,False,False,690000,394611.39682539686,295388.60317460314,295388.60317460314
8,12000,False,False,False,True,True,False,True,False,False,False,False,500000,499383.7466666667,616.2533333332976,616.2533333332976
11,11918,False,False,False,True,False,True,True,False,False,False,False,625000,625000.0,0.0,0.0
12,100000,True,False,False,False,True,False,True,False,True,False,False,500000,537536.6883116883,-37536.68831168825,37536.68831168825
20,110000,False,False,False,True,True,False,True,False,False,False,True,95000,99546.90476190476,-4546.904761904763,4546.904761904763
7,12586,False,False,False,True,False,False,True,False,False,False,False,700000,842683.29,-142683.29000000004,142683.29000000004
12,100000,False,False,False,True,True,False,True,False,False,False,False,250000,328735.7142857143,-78735.71428571432,78735.71428571432
14,110000,True,False,False,False,True,False,True,False,False,False,False,120000,220948.80189255186,-100948.80189255186,100948.80189255186
8,15000,True,False,False,False,True,False,True,False,False,False,False,615000,1053553.3333333335,-438553.3333333335,438553.3333333335
19,115000,False,False,False,True,False,False,True,False,True,False,False,190000,171306.52056277054,18693.479437229456,18693.479437229456
11,55250,True,False,False,False,True,False,True,False,False,False,False,399000,697739.9381666667,-298739.93816666666,298739.93816666666
16,110000,True,False,False,False,True,False,True,False,True,False,False,350000,328290.1847936508,21709.815206349187,21709.815206349187
16,110000,False,False,False,True,True,False,True,False,True,False,False,270000,163057.5,106942.5,106942.5
8,40000,False,False,False,True,True,False,True,False,False,False,False,800000,394611.39682539686,405388.60317460314,405388.60317460314
16,120000,True,False,False,False,True,False,True,False,False,False,True,325000,369964.2857142857,-44964.28571428568,44964.28571428568
12,42000,False,False,False,True,False,False,True,False,True,False,False,430000,323108.24333333335,106891.75666666665,106891.75666666665
13,90000,True,False,False,False,True,False,True,False,True,False,False,220000,293421.6638095238,-73421.6638095238,73421.6638095238
9,51000,False,False,False,True,False,False,True,False,False,False,False,350000,594883.5164835164,-244883.51648351643,244883.51648351643
17,44800,False,False,False,True,True,False,True,False,True,False,False,170000,160375.0,9625.0,9625.0
15,160000,True,False,False,False,True,False,True,False,True,False,False,229999,748200.0,-518201.0,518201.0
7,24000,False,False,False,True,True,False,True,False,False,False,False,556000,547281.6666666667,8718.333333333256,8718.333333333256
20,110000,False,False,False,True,True,False,True,False,False,False,False,80000,90312.14285714286,-10312.142857142855,10312.142857142855
9,46000,False,False,False,True,True,False,True,False,False,False,False,680000,270954.07407407404,409045.92592592596,409045.92592592596
13,42000,True,False,False,False,True,False,True,False,False,False,False,350000,461210.0,-111210.0,111210.0
9,40000,False,False,False,True,True,False,True,False,True,False,False,350000,333301.70908225107,16698.290917748935,16698.290917748935
12,25000,False,False,False,True,True,False,True,False,True,False,False,204999,229599.37,-24600.369999999995,24600.369999999995
10,15000,True,False,False,False,True,False,True,False,True,False,False,610000,447845.0952380952,162154.9047619048,162154.9047619048
18,100000,False,False,False,True,True,False,True,False,False,False,True,120000,122166.83333333331,-2166.833333333314,2166.833333333314
10,80000,False,False,False,True,True,False,False,False,False,False,False,690000,498199.86,191800.14,191800.14
12,28942,False,False,False,True,False,False,False,False,False,False,False,300000,346962.4975,-46962.4975,46962.4975
18,102000,False,False,False,True,True,False,True,False,True,False,False,125000,127336.16666666669,-2336.166666666686,2336.166666666686
12,120000,False,False,False,True,True,False,True,False,False,False,False,300000,206140.0,93860.0,93860.0
12,55000,False,False,False,True,True,False,True,False,False,False,False,280000,246896.36363636365,33103.63636363635,33103.63636363635
29,120000,True,False,False,False,True,False,True,False,False,False,True,150000,133675.0,16325.0,16325.0
11,70000,False,False,False,True,True,False,True,False,False,False,False,200000,273922.3711541725,-73922.37115417252,73922.37115417252
15,40000,False,False,False,True,True,False,True,False,False,False,False,200000,213439.6428571429,-13439.642857142899,13439.642857142899
17,83000,False,False,False,True,True,False,True,False,True,False,False,110000,139263.73641666665,-29263.736416666652,29263.736416666652
6,40000,False,False,False,False,True,False,True,False,False,False,False,282000,318678.49174603174,-36678.49174603174,36678.49174603174
14,108731,True,False,False,False,True,False,True,False,False,False,False,800000,611774.8953823954,188225.10461760464,188225.10461760464
21,56580,False,False,False,True,False,False,True,False,False,False,False,80000,80000.0,0.0,0.0
16,100000,True,False,False,False,True,False,True,False,False,False,False,150000,295896.0,-145896.0,145896.0
9,60000,True,False,False,False,True,False,True,False,False,False,False,720000,641899.146964147,78100.85303585301,78100.85303585301
11,32000,False,False,False,True,False,False,True,False,False,False,False,245000,374200.0,-129200.0,129200.0
10,22000,True,False,False,False,False,False,True,False,False,False,False,790000,488430.23809523805,301569.76190476195,301569.76190476195
14,55328,True,False,False,False,False,False,True,False,False,False,False,400000,409392.47,-9392.469999999972,9392.469999999972
24,120000,True,False,False,False,True,False,True,False,False,False,False,100000,104950.0,-4950.0,4950.0
20,60000,False,False,False,True,True,False,True,False,True,False,False,150000,83060.87301587302,66939.12698412698,66939.12698412698
11,53652,True,False,False,False,False,False,True,False,False,False,False,851000,823600.0,27400.0,27400.0
10,85000,True,False,False,False,True,False,True,False,False,False,False,1151000,709856.0349382693,441143.9650617307,441143.9650617307
17,110000,True,False,False,False,True,False,True,False,True,False,False,409999,209018.16546722723,200980.83453277277,200980.83453277277
20,132000,False,False,False,True,True,False,True,False,False,False,False,165000,86951.66666666669,78048.33333333331,78048.33333333331
14,125000,True,False,False,False,True,False,True,False,True,False,False,290000,416540.2705627706,-126540.2705627706,126540.2705627706
16,70000,False,False,False,True,True,False,True,False,False,False,False,250000,193078.89709573763,56921.10290426237,56921.10290426237
14,70000,False,False,False,True,True,False,True,False,True,False,False,140000,195016.22619047618,-55016.22619047618,55016.22619047618
10,30000,False,False,False,True,False,False,True,False,False,False,False,625000,366642.74503274506,258357.25496725494,258357.25496725494
13,50000,False,False,False,True,True,False,True,False,True,False,False,350000,311233.5854365079,38766.414563492115,38766.414563492115
9,46000,False,False,False,True,True,False,True,False,False,False,False,250000,270954.07407407404,-20954.074074074044,20954.074074074044
12,87000,True,False,False,False,True,False,True,False,True,False,False,600000,506407.16554489965,93592.83445510035,93592.83445510035
9,40000,True,False,False,False,True,False,True,False,False,False,False,545000,689002.4999431971,-144002.49994319712,144002.49994319712
19,100000,True,False,False,False,True,False,True,True,False,False,False,155000,141787.2023809524,13212.797619047604,13212.797619047604
18,90000,False,False,False,True,True,False,True,False,True,False,False,80000,130144.72582972581,-50144.72582972581,50144.72582972581
15,76259,False,False,False,True,False,False,False,False,False,False,False,269000,394490.0,-125490.0,125490.0
11,70000,True,False,False,False,True,False,True,False,True,False,False,350000,444419.1309523809,-94419.13095238089,94419.13095238089
20,70000,False,False,False,True,True,False,True,False,False,False,True,140000,108625.0,31375.0,31375.0
18,270000,True,False,False,False,True,False,True,False,False,False,True,300000,203334.53,96665.47,96665.47
14,35000,True,False,False,False,True,False,True,False,True,False,False,250999,391899.1456666667,-140900.14566666668,140900.14566666668
8,15000,True,False,False,False,True,False,True,False,False,False,False,650000,1053553.3333333335,-403553.3333333335,403553.3333333335
13,80000,False,False,False,True,False,False,True,False,False,False,False,300000,267333.1821789322,32666.817821067816,32666.817821067816
12,28942,False,False,False,True,False,False,False,False,False,False,False,300000,346962.4975,-46962.4975,46962.4975
7,1001,True,False,False,False,False,False,True,False,False,False,False,750000,674165.0,75835.0,75835.0
7,25000,True,False,False,False,True,False,True,False,False,False,False,650000,793171.6666666667,-143171.66666666674,143171.66666666674
13,100000,True,False,False,False,True,False,True,False,False,False,False,349000,236211.83838383836,112788.16161616164,112788.16161616164
21,80000,False,False,False,True,True,False,True,False,False,False,True,140000,62265.0,77735.0,77735.0
10,52600,True,False,False,False,True,False,True,False,False,False,False,535000,535000.0,0.0,0.0
15,108000,True,False,False,False,True,False,True,False,True,False,False,275000,235549.1818174603,39450.81818253969,39450.81818253969
26,90000,False,False,False,True,True,False,True,False,True,False,False,65000,65360.0,-360.0,360.0
12,25000,False,False,False,True,True,False,True,False,False,False,False,290000,360225.9473809523,-70225.9473809523,70225.9473809523
10,53000,False,False,False,True,True,False,True,False,True,False,False,200000,263161.0317460317,-63161.03174603172,63161.03174603172
14,40000,True,False,False,False,True,False,True,False,False,False,False,250000,336077.38095238095,-86077.38095238095,86077.38095238095
19,120000,False,False,False,True,True,False,True,False,True,False,False,250000,81527.85714285714,168472.14285714284,168472.14285714284
14,60000,False,False,False,True,True,False,True,False,True,False,False,190000,221231.21031746033,-31231.210317460325,31231.210317460325
12,30000,True,False,False,False,True,False,True,False,False,False,False,600000,274178.73083333333,325821.26916666667,325821.26916666667
22,60000,False,False,False,True,True,False,True,False,True,False,False,80000,87426.25,-7426.25,7426.25
15,110000,True,False,False,False,True,False,True,False,True,False,False,450000,225578.15007142856,224421.84992857144,224421.84992857144
12,28245,True,False,False,False,False,False,True,False,False,False,False,650000,631000.0,19000.0,19000.0
15,50000,True,False,False,False,True,False,True,False,True,False,False,285000,336417.6153846154,-51417.615384615376,51417.615384615376
21,80000,True,False,False,False,True,False,True,False,False,False,False,70000,214815.0,-144815.0,144815.0
13,73000,True,False,False,False,False,False,True,False,False,False,False,450000,627275.0,-177275.0,177275.0
12,70000,True,False,False,False,True,False,True,False,False,False,False,1050000,577810.1785714286,472189.82142857136,472189.82142857136
18,25000,False,False,False,True,True,False,True,False,False,False,False,145000,193652.85714285716,-48652.85714285716,48652.85714285716
8,4500,True,False,False,False,False,False,False,False,False,False,False,975000,934269.99,40730.01000000001,40730.01000000001
14,55130,True,False,False,False,False,False,True,False,False,False,False,180000,409392.47,-229392.46999999997,229392.46999999997
9,50000,False,False,False,True,True,False,True,True,False,False,False,210000,326556.8084312202,-116556.80843122018,116556.80843122018
15,120000,True,False,False,False,True,False,True,False,True,False,False,120000,251686.82067932066,-131686.82067932066,131686.82067932066
9,46507,True,False,False,False,False,True,True,False,False,False,False,600000,600000.0,0.0,0.0
8,41395,False,False,False,True,True,False,False,False,False,False,False,950000,492141.09523809515,457858.90476190485,457858.90476190485
8,50000,True,False,False,False,True,False,True,False,False,False,False,750000,659236.1904761905,90763.80952380947,90763.80952380947
9,15000,False,False,False,True,True,False,True,False,False,False,False,430000,505408.02461427444,-75408.02461427444,75408.02461427444
19,110000,False,False,False,True,True,False,True,False,True,False,False,80000,127220.94516594514,-47220.945165945144,47220.945165945144
13,80000,True,False,False,False,False,False,True,False,False,False,False,335000,450040.7892063492,-115040.78920634917,115040.78920634917
15,53000,False,False,False,True,False,False,True,False,True,False,False,305000,234817.5677777778,70182.43222222221,70182.43222222221
14,30000,False,False,False,True,True,False,True,False,True,False,False,280000,107633.98,172366.02000000002,172366.02000000002
21,23000,False,False,False,True,True,False,True,False,True,False,False,56000,63120.0,-7120.0,7120.0
13,120000,True,False,False,False,True,False,True,False,False,False,False,650000,485651.95293436357,164348.04706563643,164348.04706563643
11,65000,True,False,False,False,False,False,True,False,False,False,False,565000,554346.66,10653.339999999967,10653.339999999967
10,25000,False,False,False,True,True,False,True,False,False,False,False,475000,404062.63338661194,70937.36661338806,70937.36661338806
15,70000,False,False,False,True,True,False,True,False,False,False,False,229999,168324.78229978352,61674.21770021648,61674.21770021648
21,70000,False,False,False,True,True,False,True,False,True,False,False,65000,126311.12012987013,-61311.120129870134,61311.120129870134
13,1000,True,False,False,False,False,False,True,False,True,False,False,450000,450000.0,0.0,0.0
18,30000,False,False,False,True,True,False,True,False,True,False,False,105000,224891.46825396825,-119891.46825396825,119891.46825396825
8,29000,True,False,False,False,False,False,True,False,False,False,False,750000,876904.1666666667,-126904.16666666674,126904.16666666674
9,38000,False,False,False,True,True,False,True,False,True,False,False,400000,432349.6043333334,-32349.60433333338,32349.60433333338
8,25000,True,False,False,False,True,False,True,False,False,False,False,660000,703330.7699245199,-43330.76992451993,43330.76992451993
15,60000,False,False,False,True,True,False,True,False,False,False,True,175000,135477.11483333335,39522.885166666645,39522.885166666645
12,58000,False,False,False,True,True,False,True,False,False,False,False,250000,270090.0,-20090.0,20090.0
8,14681,True,False,False,False,False,False,True,False,False,False,False,624000,764323.2633333334,-140323.26333333342,140323.26333333342
8,50000,True,False,False,False,True,False,True,False,False,False,False,800000,659236.1904761905,140763.80952380947,140763.80952380947
9,60000,True,False,False,False,True,False,True,False,False,False,False,800000,641899.146964147,158100.853035853,158100.853035853
6,1000,False,False,False,True,True,False,True,False,False,False,False,614000,1007020.0,-393020.0,393020.0
7,20000,False,False,False,True,True,False,False,False,False,False,False,650000,681593.6252525252,-31593.625252525206,31593.625252525206
14,70000,False,False,False,False,True,False,True,False,True,False,False,160000,194197.70619047616,-34197.706190476165,34197.706190476165
14,48000,False,False,False,True,False,False,True,False,False,False,False,225000,245309.98,-20309.98000000001,20309.98000000001
18,100000,True,False,False,False,True,False,True,True,False,False,False,250000,118250.0,131750.0,131750.0
13,60000,True,False,False,False,True,False,True,False,True,False,False,240000,251275.28365079366,-11275.283650793659,11275.283650793659
9,14000,False,False,False,True,False,False,True,False,False,False,False,585000,461158.0223076923,123841.97769230767,123841.97769230767
14,97000,True,False,False,False,True,False,True,False,False,False,False,215000,314789.5508658008,-99789.55086580082,99789.55086580082
12,44875,True,False,False,False,False,False,True,False,False,False,False,395000,603800.0,-208800.0,208800.0
10,100000,True,False,False,False,True,False,True,False,True,False,False,525000,459247.8571428571,65752.1428571429,65752.1428571429
13,120000,True,False,False,False,True,False,True,False,False,False,False,450000,485651.95293436357,-35651.952934363566,35651.952934363566
15,140000,True,False,False,False,True,False,True,False,True,False,False,350000,270350.0,79650.0,79650.0
10,7104,False,False,False,True,False,True,True,False,False,False,False,670000,670000.0,0.0,0.0
13,65000,True,False,False,False,False,False,True,False,False,False,False,484999,371159.3041428572,113839.6958571428,113839.6958571428
12,40000,False,False,False,True,True,False,True,False,False,False,False,470000,196641.76152597403,273358.238474026,273358.238474026
8,40000,False,False,False,True,True,False,True,False,False,False,False,690000,394611.39682539686,295388.60317460314,295388.60317460314
13,205000,False,False,False,True,True,False,True,False,False,False,False,125000,308189.7619047619,-183189.7619047619,183189.7619047619
16,130000,True,False,False,False,True,False,True,False,True,False,False,150000,284097.9512857142,-134097.95128571423,134097.95128571423
9,60000,False,False,False,True,True,False,True,False,False,False,False,290000,419578.49206349207,-129578.49206349207,129578.49206349207
13,63654,True,False,False,False,False,False,True,False,False,False,False,900000,371159.3041428572,528840.6958571428,528840.6958571428
14,110000,False,False,False,True,True,False,True,False,True,False,False,225000,225000.0,0.0,0.0
11,35000,False,False,False,True,True,False,True,False,False,False,False,260000,337048.33333333326,-77048.33333333326,77048.33333333326
9,21170,True,False,False,False,False,False,True,False,False,False,False,700000,613265.3838461539,86734.61615384615,86734.61615384615
18,140000,True,False,False,False,True,False,True,False,True,False,False,350000,394405.00169841276,-44405.00169841276,44405.00169841276
8,35000,False,False,False,True,True,False,False,False,False,False,False,550000,579655.1698301699,-29655.169830169878,29655.169830169878
14,140000,True,False,False,False,True,False,True,False,True,False,False,195000,249550.0,-54550.0,54550.0
10,7104,False,False,False,True,False,True,True,False,False,False,False,670000,670000.0,0.0,0.0
10,41000,False,False,False,True,False,False,True,False,False,False,False,239000,249519.91381167862,-10519.91381167862,10519.91381167862
17,80000,False,False,False,True,True,False,True,False,True,False,False,140000,161271.4778690476,-21271.47786904761,21271.47786904761
11,70000,True,False,False,False,True,False,True,False,True,False,False,390000,444419.1309523809,-54419.13095238089,54419.13095238089
15,70000,True,False,False,False,True,False,False,False,True,False,False,650000,669160.0,-19160.0,19160.0
8,15000,False,False,False,True,False,False,False,False,False,False,False,290000,726821.9922222223,-436821.99222222227,436821.99222222227
8,20000,False,False,False,True,True,False,True,False,False,False,False,270000,421833.4539393122,-151833.4539393122,151833.4539393122
11,65000,True,False,False,False,True,False,True,False,False,False,False,1125000,547493.8266178266,577506.1733821734,577506.1733821734
12,40000,False,False,False,True,True,False,True,False,False,False,False,55000,196641.76152597403,-141641.76152597403,141641.76152597403
18,140000,False,False,False,True,True,False,True,False,False,False,False,65000,148780.55555555556,-83780.55555555556,83780.55555555556
17,100000,False,False,False,True,True,False,True,False,False,False,False,140000,180047.31333333335,-40047.31333333335,40047.31333333335
8,21302,False,False,False,True,True,False,True,False,False,False,False,100000,311230.468817878,-211230.468817878,211230.468817878
8,50000,True,False,False,False,True,False,True,False,False,False,False,980000,659236.1904761905,320763.80952380947,320763.80952380947
13,100000,True,False,False,False,True,False,True,False,False,False,False,400000,236211.83838383836,163788.16161616164,163788.16161616164
17,110000,True,False,False,False,True,False,True,False,True,False,False,1100000,209018.16546722723,890981.8345327728,890981.8345327728
9,71000,True,False,False,False,False,False,True,False,False,False,False,380000,667245.9523809523,-287245.9523809523,287245.9523809523
6,1000,False,False,False,True,True,False,True,False,False,False,False,350000,1007020.0,-657020.0,657020.0
14,110000,True,False,False,False,True,False,True,False,True,False,False,555000,555232.4698899711,-232.46988997107837,232.46988997107837
12,50000,False,False,False,True,True,False,True,False,False,False,False,240000,325275.2922077922,-85275.29220779223,85275.29220779223
15,90000,True,False,False,False,True,False,True,False,False,False,True,140000,200937.40079365083,-60937.40079365083,60937.40079365083
10,50000,True,False,False,False,True,False,True,False,False,False,False,630000,657821.3095238094,-27821.309523809352,27821.309523809352
15,97000,False,False,False,True,False,False,False,False,True,False,False,434999,501410.0,-66411.0,66411.0
15,60000,False,False,False,True,True,False,True,False,False,False,True,120000,135477.11483333335,-15477.114833333355,15477.114833333355
14,55300,True,False,False,False,False,False,False,False,False,False,False,735000,745500.0,-10500.0,10500.0
10,40000,False,False,False,True,True,False,True,False,False,False,False,265000,329967.2913197913,-64967.291319791286,64967.291319791286
21,120000,False,False,False,True,True,False,True,False,True,False,False,100000,99287.5,712.5,712.5
15,70000,True,False,False,False,True,False,False,False,False,False,False,525000,648630.0,-123630.0,123630.0
17,350000,True,False,False,False,True,False,True,False,False,False,False,350000,313799.89,36200.109999999986,36200.109999999986
12,55000,False,False,False,True,True,False,True,False,False,False,False,280000,246896.36363636365,33103.63636363635,33103.63636363635
9,50000,True,False,False,False,True,False,True,False,False,False,False,260000,728548.3784246584,-468548.37842465844,468548.37842465844
19,60000,False,False,False,True,True,False,False,False,False,False,False,280000,202480.0,77520.0,77520.0
7,105000,True,False,False,False,False,False,False,False,False,False,False,475000,920950.0,-445950.0,445950.0
10,60000,True,False,False,False,True,False,True,False,False,False,False,685000,612197.0143712673,72802.98562873271,72802.98562873271
19,70000,False,False,False,True,True,False,True,False,False,False,False,60000,69487.5,-9487.5,9487.5
9,44000,False,False,False,True,False,False,True,False,False,False,False,650000,548249.8,101750.19999999995,101750.19999999995
12,72000,False,False,False,False,False,False,True,False,False,False,False,185000,433556.65666666673,-248556.65666666673,248556.65666666673
21,50000,False,False,False,True,True,False,True,False,True,False,False,95000,96369.58333333331,-1369.583333333314,1369.583333333314
15,186000,True,False,False,False,True,False,True,False,True,False,False,150000,403150.0,-253150.0,253150.0
11,50000,False,False,False,True,False,False,False,False,False,False,False,500000,552665.99,-52665.98999999999,52665.98999999999
12,110000,True,False,False,False,True,False,True,False,True,False,False,480000,485132.5577200577,-5132.5577200577245,5132.5577200577245
16,110000,False,False,False,True,True,False,True,False,True,False,False,145000,163057.5,-18057.5,18057.5
15,80000,False,False,False,True,True,False,True,False,True,False,False,250000,210800.68432142856,39199.31567857144,39199.31567857144
16,100000,False,False,False,True,True,False,True,False,True,False,False,250000,224326.63439285714,25673.365607142856,25673.365607142856
20,75000,False,False,False,True,True,False,True,False,False,False,True,90000,139600.0,-49600.0,49600.0
11,70000,True,False,False,False,True,False,True,False,False,False,False,490000,602571.4744977247,-112571.47449772467,112571.47449772467
13,70000,True,False,False,False,True,False,True,False,False,False,True,430000,432254.36507936515,-2254.365079365147,2254.365079365147
8,35000,False,False,False,True,True,False,True,False,False,False,False,300000,422729.85070485086,-122729.85070485086,122729.85070485086
19,181000,True,False,False,False,True,False,True,True,False,False,False,175000,525619.94,-350619.93999999994,350619.93999999994
11,50000,False,False,False,True,True,False,True,False,True,False,False,300000,285897.8174603174,14102.182539682603,14102.182539682603
14,110000,True,False,False,False,True,False,True,False,False,False,False,400000,220948.80189255186,179051.19810744814,179051.19810744814
16,80000,True,False,False,False,True,False,True,False,False,False,False,250000,123919.64285714284,126080.35714285716,126080.35714285716
9,120000,True,False,False,False,True,False,True,False,False,False,False,750000,582667.1904761905,167332.80952380947,167332.80952380947
8,21394,True,False,False,False,False,False,True,False,False,False,False,950000,916375.253846154,33624.746153846034,33624.746153846034
9,44000,True,False,False,False,False,False,True,False,False,False,False,680000,688800.0,-8800.0,8800.0
15,90000,True,False,False,False,True,False,True,False,False,False,True,190000,200937.40079365083,-10937.400793650828,10937.400793650828
21,120000,True,False,False,False,True,False,True,False,False,False,True,120000,129602.48,-9602.479999999996,9602.479999999996
14,102000,True,False,False,False,True,False,True,False,True,False,False,650000,234561.89726190473,415438.1027380953,415438.1027380953
16,96000,False,False,False,True,True,False,True,False,False,False,True,220000,208125.0,11875.0,11875.0
23,60000,False,False,False,True,True,False,True,True,False,False,False,70000,133943.33333333334,-63943.33333333334,63943.33333333334
10,110000,True,False,False,False,True,False,True,False,False,False,False,525000,590142.619047619,-65142.61904761905,65142.61904761905
20,105700,False,False,False,True,True,False,True,False,False,False,False,70000,90312.14285714286,-20312.142857142855,20312.142857142855
12,82000,True,False,False,False,True,False,True,False,False,False,False,520000,518506.3888888888,1493.6111111111823,1493.6111111111823
22,90000,False,False,False,True,True,False,True,False,True,False,False,37500,106998.27333333335,-69498.27333333335,69498.27333333335
17,100000,True,False,False,False,True,False,True,False,False,False,True,200000,180733.33333333337,19266.666666666628,19266.666666666628
10,30000,False,False,False,True,True,False,True,False,False,False,False,210000,284144.3070818072,-74144.30708180717,74144.30708180717
15,15000,False,False,False,True,True,False,True,False,False,False,False,75000,204888.55142857137,-129888.55142857137,129888.55142857137
13,70000,True,False,False,False,True,False,True,False,True,False,False,270000,537732.8246753247,-267732.8246753247,267732.8246753247
11,31080,False,False,False,True,False,False,True,False,False,False,False,490000,454585.5681818182,35414.43181818182,35414.43181818182
14,170000,False,False,True,False,True,False,True,False,False,False,True,170000,251299.99,-81299.98999999999,81299.98999999999
7,30000,False,False,False,True,True,False,True,False,False,False,False,500000,401988.9380174955,98011.0619825045,98011.0619825045
8,80000,True,False,False,False,True,False,True,False,False,False,False,700000,584635.2380952381,115364.7619047619,115364.7619047619
9,35000,True,False,False,False,True,False,True,False,False,False,False,720000,715542.7579365082,4457.242063491838,4457.242063491838
8,54000,False,False,False,True,False,False,True,False,True,False,False,400000,436200.0,-36200.0,36200.0
9,52000,False,False,False,True,False,False,True,False,False,False,False,625000,603700.0,21300.0,21300.0
13,70000,True,False,False,False,True,False,True,False,True,False,False,300000,537732.8246753247,-237732.82467532472,237732.82467532472
10,20000,False,False,False,True,True,False,True,False,False,False,False,350000,405462.6090476191,-55462.6090476191,55462.6090476191
13,80000,True,False,False,False,True,False,True,False,False,False,True,430000,629139.2354545455,-199139.23545454547,199139.23545454547
16,52047,False,False,False,True,True,False,True,False,False,False,False,175000,259696.6666666667,-84696.66666666669,84696.66666666669
7,9000,False,False,False,True,True,False,True,False,False,False,False,484999,566111.6208791209,-81112.62087912089,81112.62087912089
13,46000,True,False,False,False,True,False,True,False,False,False,False,195000,455652.22222222225,-260652.22222222225,260652.22222222225
9,70000,True,False,False,False,True,False,True,False,False,False,False,450000,662034.642857143,-212034.64285714296,212034.64285714296
11,55000,True,False,False,False,True,False,True,False,True,False,False,150000,462880.0,-312880.0,312880.0
10,7104,False,False,False,True,False,True,True,False,False,False,False,670000,670000.0,0.0,0.0
14,42000,True,False,False,False,False,False,False,False,False,False,False,490000,825520.0,-335520.0,335520.0
15,40000,False,False,False,True,True,False,True,False,False,False,False,60000,213439.6428571429,-153439.6428571429,153439.6428571429
12,40000,False,False,False,True,True,False,True,False,False,False,False,200999,196641.76152597403,4357.238474025973,4357.238474025973
12,120000,True,False,False,False,True,False,True,False,True,False,False,450000,338949.0476190477,111050.95238095231,111050.95238095231
17,70000,True,False,False,False,True,False,True,False,True,False,False,93000,202844.99999999997,-109844.99999999997,109844.99999999997
8,28000,False,False,False,True,False,False,True,False,False,False,False,310000,401970.0,-91970.0,91970.0
8,26350,True,False,False,False,False,False,True,False,False,False,False,590000,764640.0,-174640.0,174640.0
15,120000,True,False,False,False,True,False,True,False,True,False,False,400000,251686.82067932066,148313.17932067934,148313.17932067934
13,20000,True,False,False,False,False,False,True,False,False,False,False,425000,442350.0,-17350.0,17350.0
8,10500,False,False,False,True,True,False,True,False,False,False,False,300000,330072.1211709957,-30072.1211709957,30072.1211709957
12,57112,False,False,False,True,False,False,True,False,False,False,False,250999,307870.0,-56871.0,56871.0
9,30000,False,False,False,True,False,False,True,False,False,False,False,260000,358060.0,-98060.0,98060.0
14,172000,True,False,False,False,True,False,True,False,True,False,False,150000,333925.0,-183925.0,183925.0
17,63500,False,False,False,True,False,False,False,False,False,False,False,210000,298380.0,-88380.0,88380.0
9,25000,True,False,False,False,True,False,True,False,False,False,False,509999,902246.2393333331,-392247.2393333331,392247.2393333331
14,80000,False,False,False,True,True,False,True,False,True,False,False,300000,210715.60761904757,89284.39238095243,89284.39238095243
6,120000,False,False,False,True,True,False,True,False,False,False,False,240000,351961.6666666666,-111961.66666666663,111961.66666666663
20,100000,True,False,False,False,True,False,True,False,True,False,False,55000,116900.84666666666,-61900.846666666665,61900.846666666665
15,312000,True,False,False,False,True,False,True,False,False,False,True,350000,321199.96,28800.03999999998,28800.03999999998
11,60000,True,False,False,False,True,False,True,False,True,False,False,490000,409668.3333333332,80331.6666666668,80331.6666666668
11,15000,True,False,False,False,True,False,True,False,False,False,False,800000,667740.0,132260.0,132260.0
9,43235,True,False,False,False,False,False,True,False,False,False,False,600000,734999.99,-134999.99,134999.99
13,35000,False,False,False,True,True,False,True,False,False,False,False,340000,274143.4523809523,65856.54761904769,65856.54761904769
9,20000,False,False,False,True,True,False,True,False,False,False,False,220000,363121.0815295814,-143121.0815295814,143121.0815295814
12,166000,True,False,False,False,True,False,True,True,False,False,False,125000,446949.96,-321949.96,321949.96
9,72000,True,False,False,False,False,False,True,False,False,False,False,685000,680815.4545454546,4184.545454545412,4184.545454545412
13,50000,False,False,False,True,True,False,True,False,False,False,False,165000,325425.57858807856,-160425.57858807856,160425.57858807856
11,80000,True,False,False,False,True,False,True,False,False,False,False,325000,495765.35714285716,-170765.35714285716,170765.35714285716
16,120000,True,False,False,False,True,False,True,False,False,False,True,300000,369964.2857142857,-69964.28571428568,69964.28571428568
13,70000,False,False,False,True,True,False,True,False,True,False,False,260000,267601.41857142857,-7601.41857142857,7601.41857142857
12,15000,True,False,False,False,True,False,True,False,False,False,False,800000,655000.0,145000.0,145000.0
19,162000,False,False,True,False,True,False,True,False,False,False,False,70000,132370.0,-62370.0,62370.0
15,25000,False,False,False,True,True,False,True,False,False,False,False,220000,180818.99761904762,39181.002380952385,39181.002380952385
18,175000,True,False,False,False,True,False,True,False,True,False,False,120000,268318.47,-148318.46999999997,148318.46999999997
13,65000,True,False,False,False,False,False,True,False,False,False,False,365000,371159.3041428572,-6159.304142857203,6159.304142857203
11,45974,True,False,False,False,False,True,True,False,False,False,False,750000,750000.0,0.0,0.0
10,45000,False,False,False,True,False,False,False,False,False,False,False,750000,513709.97,236290.03000000003,236290.03000000003
6,5000,False,False,False,True,True,False,True,False,False,False,False,550000,553493.041070041,-3493.041070041014,3493.041070041014
17,40000,False,False,False,True,True,False,True,False,False,False,False,150000,186840.35714285716,-36840.35714285716,36840.35714285716
12,40000,False,False,False,True,True,False,True,False,False,False,False,280000,196641.76152597403,83358.23847402597,83358.23847402597
13,41988,True,False,False,False,False,False,True,False,False,False,False,750000,712640.0,37360.0,37360.0
8,15000,True,False,False,False,False,False,True,False,False,False,False,700000,790693.2633333334,-90693.26333333342,90693.26333333342
16,77073,False,False,False,True,True,False,True,False,True,False,False,110000,212480.60170995668,-102480.60170995668,102480.60170995668
16,80000,False,False,False,True,True,False,True,False,True,False,False,100000,214094.58776917524,-114094.58776917524,114094.58776917524
15,74000,True,False,False,False,True,False,True,False,True,False,False,350000,315863.2814285714,34136.71857142862,34136.71857142862
11,20500,False,False,False,True,True,False,True,False,False,False,False,300000,311457.1428571429,-11457.142857142899,11457.142857142899
10,41000,False,False,False,True,False,False,True,False,False,False,False,239000,249519.91381167862,-10519.91381167862,10519.91381167862
18,90000,False,False,False,True,True,False,True,False,True,False,False,110000,130144.72582972581,-20144.72582972581,20144.72582972581
8,50000,True,False,False,False,True,False,False,False,False,False,False,675000,838856.6666666665,-163856.6666666665,163856.6666666665
15,120000,True,False,False,False,True,False,True,False,True,False,False,199000,251686.82067932066,-52686.82067932066,52686.82067932066
11,40000,False,False,False,True,True,False,True,False,False,False,False,220000,266802.3836643356,-46802.38366433559,46802.38366433559
9,50000,False,False,False,True,True,False,True,False,False,False,False,500000,326556.8084312202,173443.19156877982,173443.19156877982
10,6000,False,False,False,True,False,False,True,False,False,False,False,750000,581420.0,168580.0,168580.0
12,156000,True,False,False,False,True,False,True,False,False,False,False,800000,437199.92,362800.08,362800.08
10,40000,False,False,False,True,True,False,True,False,False,False,False,130000,329967.2913197913,-199967.2913197913,199967.2913197913
13,90010,True,False,False,False,False,False,True,False,True,False,False,360000,580002.26,-220002.26,220002.26
9,20000,False,False,False,True,True,False,True,False,True,False,False,575000,484506.6666666666,90493.33333333337,90493.33333333337
12,101000,True,False,False,False,True,False,True,False,True,False,False,1000000,537536.6883116883,462463.31168831175,462463.31168831175
13,62668,True,False,False,False,False,False,True,False,False,False,False,570000,356899.99,213100.01,213100.01
9,60800,False,False,False,True,True,False,True,False,False,False,False,936999,434018.49206349207,502980.50793650793,502980.50793650793
11,55340,False,False,False,True,False,True,True,False,False,False,False,760000,760000.0,0.0,0.0
20,77000,False,False,False,True,True,False,True,False,True,False,False,120000,144654.1666666667,-24654.166666666686,24654.166666666686
16,60000,False,False,False,True,False,False,True,False,True,False,False,285000,209504.7519047619,75495.24809523809,75495.24809523809
19,120000,True,False,False,False,True,False,True,False,True,False,False,225000,204968.12785880786,20031.872141192143,20031.872141192143
16,50000,False,False,False,True,True,False,True,False,False,False,False,110000,305825.7431457432,-195825.7431457432,195825.7431457432
13,110000,True,False,False,False,True,False,True,False,False,False,False,220000,319464.6428571428,-99464.64285714278,99464.64285714278
9,27289,False,False,False,True,False,False,False,False,False,False,False,375000,485850.0,-110850.0,110850.0
14,90000,True,False,False,False,True,False,True,True,False,False,False,380000,363155.0860071301,16844.9139928699,16844.9139928699
14,90000,False,False,False,True,True,False,True,False,False,False,True,200000,287052.5,-87052.5,87052.5
9,10832,False,False,False,True,False,False,True,False,False,False,False,530000,540750.0,-10750.0,10750.0
13,100000,True,False,False,False,True,False,True,False,True,False,False,500000,431156.79003896104,68843.20996103896,68843.20996103896
12,90000,True,False,False,False,True,False,True,False,False,False,False,250000,425899.830763098,-175899.83076309803,175899.83076309803
13,107000,True,False,False,False,True,False,True,False,False,False,False,400000,450269.16666666674,-50269.166666666744,50269.166666666744
16,60000,True,False,False,False,True,False,True,False,False,False,True,320000,187093.33333333337,132906.66666666663,132906.66666666663
14,110000,False,False,False,True,True,False,True,False,True,False,False,225000,225000.0,0.0,0.0
15,230000,True,False,False,False,True,False,True,False,False,False,False,350000,698249.99,-348249.99,348249.99
9,9000,False,False,False,True,False,False,True,False,False,False,False,1025000,816750.0,208250.0,208250.0
12,110000,True,False,False,False,True,False,True,False,False,False,False,1000000,532698.5317460316,467301.4682539684,467301.4682539684
10,60000,False,False,False,True,True,False,True,False,False,False,False,150000,371335.4761904761,-221335.4761904761,221335.4761904761
9,7658,False,False,False,True,False,False,False,False,False,False,False,350000,371730.0,-21730.0,21730.0
21,60000,False,False,False,True,True,False,True,False,False,False,False,75000,94102.5,-19102.5,19102.5
10,30000,False,False,False,True,True,False,True,False,False,False,False,210000,284144.3070818072,-74144.30708180717,74144.30708180717
10,31367,True,False,False,False,False,False,True,False,False,False,False,470000,487270.0,-17270.0,17270.0
13,45839,False,False,False,True,False,False,True,False,False,False,False,650000,270050.0,379950.0,379950.0
10,52600,True,False,False,False,True,False,True,False,False,False,False,535000,535000.0,0.0,0.0
12,29000,False,False,True,False,True,False,True,False,False,False,False,290000,316523.65052777785,-26523.65052777785,26523.65052777785
17,38500,False,False,False,True,True,False,True,False,True,False,False,110000,161938.5119047619,-51938.511904761894,51938.511904761894
11,35000,False,False,False,True,True,False,True,False,False,False,False,114999,337048.33333333326,-222049.33333333326,222049.33333333326
11,41123,True,False,False,False,False,False,True,False,False,False,False,465000,530517.0,-65517.0,65517.0
21,30000,False,False,False,True,True,False,True,False,False,False,False,100000,90530.0,9470.0,9470.0
18,90000,False,False,False,True,True,False,True,False,False,False,False,120000,186376.30952380953,-66376.30952380953,66376.30952380953
13,200000,True,False,False,False,True,False,True,False,False,False,False,700000,290300.0,409700.0,409700.0
11,170000,True,False,False,False,True,False,True,False,False,False,False,470000,429019.93,40980.07000000001,40980.07000000001
15,60000,True,False,False,False,True,False,True,False,True,False,False,275000,189464.2857142857,85535.71428571429,85535.71428571429
14,77000,True,False,False,False,True,False,True,False,False,False,False,350000,712912.9183316684,-362912.91833166836,362912.91833166836
15,70000,True,False,False,False,True,False,True,False,False,False,True,256000,176463.88888888888,79536.11111111112,79536.11111111112
17,72000,True,False,False,False,True,False,True,False,True,False,False,250000,247330.0,2670.0,2670.0
13,88600,False,False,True,False,True,False,True,False,False,False,False,250000,428624.6636666667,-178624.66366666672,178624.66366666672
13,60000,True,False,False,False,True,False,True,False,False,False,False,170000,300838.16835941834,-130838.16835941834,130838.16835941834
20,83411,False,False,False,True,True,False,True,False,False,False,False,81000,96915.0,-15915.0,15915.0
13,80000,True,False,False,False,True,False,True,False,False,False,False,750000,347197.06751658366,402802.93248341634,402802.93248341634
20,90000,False,False,False,True,True,False,True,False,True,False,False,95000,101775.40666666666,-6775.406666666662,6775.406666666662
7,30000,False,False,False,True,True,False,True,False,False,False,False,350000,401988.9380174955,-51988.9380174955,51988.9380174955
10,50000,False,False,False,True,True,False,False,False,False,False,False,900000,532993.92,367006.07999999996,367006.07999999996
18,200000,False,False,False,True,True,False,True,False,False,False,False,80000,112731.66666666666,-32731.666666666657,32731.666666666657
14,120000,True,False,False,False,True,False,True,False,False,False,False,180000,174087.8497890998,5912.150210900203,5912.150210900203
14,140000,True,False,False,False,True,False,True,False,False,False,True,350000,282177.2186147186,67822.78138528141,67822.78138528141
10,560000,True,False,False,False,False,False,True,False,False,False,False,665000,692259.99,-27259.98999999999,27259.98999999999
12,70000,True,False,False,False,True,False,True,False,True,False,False,650000,513365.39682539686,136634.60317460314,136634.60317460314
11,45000,False,False,False,True,True,False,True,False,False,False,False,600000,234142.63785714284,365857.36214285716,365857.36214285716
10,20194,False,False,False,True,False,False,True,False,False,False,False,399000,438353.70857142867,-39353.708571428666,39353.708571428666
15,130000,True,False,False,False,True,False,True,False,True,False,False,290000,305252.0833333334,-15252.083333333372,15252.083333333372
11,75000,True,False,False,False,False,False,True,False,True,False,False,825000,455394.15,369605.85,369605.85
20,100000,True,False,False,False,True,False,True,False,False,False,False,350000,80069.8,269930.2,269930.2
15,50000,False,False,False,True,True,False,True,False,False,False,False,250000,219072.61904761902,30927.380952380976,30927.380952380976
14,67000,False,False,False,False,False,False,True,False,True,False,False,185000,246599.73,-61599.73000000001,61599.73000000001
21,65000,False,False,False,True,True,False,True,False,True,False,False,90000,114689.13600288599,-24689.136002885993,24689.136002885993
12,50000,True,False,False,False,True,False,True,False,False,False,False,260000,600228.0537518038,-340228.0537518038,340228.0537518038
10,35000,True,False,False,False,True,False,True,False,False,False,False,500000,751701.829004329,-251701.82900432905,251701.82900432905
11,66000,False,False,False,True,True,False,True,False,False,False,False,675000,306780.79434454424,368219.20565545576,368219.20565545576
10,115962,True,False,False,False,True,False,True,False,True,False,False,450000,425192.3992673991,24807.6007326009,24807.6007326009
9,46507,True,False,False,False,False,True,True,False,False,False,False,600000,600000.0,0.0,0.0
19,70000,False,False,False,True,True,False,True,False,True,False,False,229999,106395.23809523809,123603.76190476191,123603.76190476191
19,110000,False,False,False,True,True,False,True,False,False,False,False,100000,105879.28571428571,-5879.28571428571,5879.28571428571
10,25000,False,False,False,True,True,False,True,False,False,False,False,550000,404062.63338661194,145937.36661338806,145937.36661338806
21,80000,False,False,False,True,True,False,True,False,False,False,False,110000,95445.0,14555.0,14555.0
24,80000,False,False,False,True,True,False,True,False,True,False,False,60000,83200.0,-23200.0,23200.0
9,26766,True,False,False,False,False,False,True,False,False,False,False,925000,615610.0,309390.0,309390.0
13,1000,True,False,False,False,False,False,True,False,True,False,False,450000,450000.0,0.0,0.0
10,25061,True,False,False,False,False,False,True,False,False,False,False,650000,494768.33333333326,155231.66666666674,155231.66666666674
11,60000,False,False,False,True,True,False,True,False,False,False,True,300000,239675.99386724381,60324.006132756185,60324.006132756185
12,101000,True,False,False,False,False,False,True,False,False,False,False,480000,478499.99999999994,1500.0000000000582,1500.0000000000582
12,80322,True,False,False,False,False,False,True,False,False,False,False,325000,563973.2142857142,-238973.2142857142,238973.2142857142
11,11918,False,False,False,True,False,True,True,False,False,False,False,625000,625000.0,0.0,0.0
14,50000,False,False,False,True,True,False,True,False,False,False,False,120000,241096.58008658007,-121096.58008658007,121096.58008658007
14,156000,True,False,False,False,True,False,True,False,False,False,False,250000,348376.66666666674,-98376.66666666674,98376.66666666674
11,40000,True,False,False,False,True,False,True,False,False,False,False,785000,345545.5158730158,439454.4841269842,439454.4841269842
9,40000,True,False,False,False,True,False,True,False,False,False,False,800000,689002.4999431971,110997.50005680288,110997.50005680288
14,90000,False,False,True,False,True,False,True,False,False,False,False,180000,218073.6407936508,-38073.64079365079,38073.64079365079
8,70000,True,False,False,False,True,False,True,False,True,False,False,450000,871979.7619047619,-421979.7619047619,421979.7619047619
11,60000,True,False,False,False,True,False,True,False,False,False,False,495000,522900.1292917607,-27900.129291760677,27900.129291760677
15,130400,True,False,False,False,False,False,False,False,True,False,False,450000,603220.0,-153220.0,153220.0
10,175000,True,False,False,False,True,False,True,False,False,False,False,270000,656700.0,-386700.0,386700.0
8,40000,False,False,False,True,True,False,True,False,False,False,False,459999,394611.39682539686,65387.60317460314,65387.60317460314
20,60000,False,False,False,True,True,False,True,False,True,False,False,85000,83060.87301587302,1939.1269841269823,1939.1269841269823
9,99700,True,False,False,False,True,False,True,False,False,False,False,600000,609293.6147186146,-9293.614718614612,9293.614718614612
12,69000,True,False,False,False,False,False,True,False,False,False,False,421000,357600.0,63400.0,63400.0
10,42500,True,False,False,False,False,False,True,False,False,False,False,425000,508012.29600000003,-83012.29600000003,83012.29600000003
15,20000,False,False,False,True,True,False,True,False,False,False,False,120000,231796.6810966811,-111796.6810966811,111796.6810966811
9,19890,False,False,False,True,False,False,False,False,False,False,False,550000,539911.107799579,10088.89220042096,10088.89220042096
13,38500,True,False,False,False,True,False,True,False,False,False,False,550000,481470.0,68530.0,68530.0
9,100000,True,False,False,False,True,False,True,False,False,False,False,550000,609293.6147186146,-59293.61471861461,59293.61471861461
10,110000,False,False,False,True,True,False,True,False,False,False,False,350000,402474.96,-52474.96000000002,52474.96000000002
8,68458,False,False,False,True,False,False,True,False,False,False,False,625000,435426.0,189574.0,189574.0
8,25000,True,False,False,False,True,False,True,False,False,False,False,465000,703330.7699245199,-238330.76992451993,238330.76992451993
20,73756,True,False,False,False,True,False,True,False,False,False,False,200000,364740.0,-164740.0,164740.0
8,13800,False,False,False,True,True,False,False,False,False,False,False,625000,430753.00000000006,194246.99999999994,194246.99999999994
14,90000,False,False,False,True,True,False,True,False,True,False,False,200999,235109.1616161616,-34110.16161616161,34110.16161616161
14,110000,True,False,False,False,True,False,True,False,False,False,False,400000,220948.80189255186,179051.19810744814,179051.19810744814
9,80000,False,False,False,True,True,False,True,False,False,False,False,350000,340269.97,9730.030000000028,9730.030000000028
8,5000,True,False,False,False,True,False,True,False,False,False,False,515000,745430.0,-230430.0,230430.0
20,90000,False,False,False,True,True,False,True,False,False,False,True,135000,106310.0,28690.0,28690.0
11,50000,True,False,False,False,True,False,False,False,False,False,False,650000,629720.9557109557,20279.044289044337,20279.044289044337
18,90000,True,False,False,False,True,False,False,False,True,False,False,285000,512500.0,-227500.0,227500.0
13,62200,True,False,False,False,False,False,True,False,False,False,False,325000,358149.995,-33149.994999999995,33149.994999999995
15,70000,True,False,False,False,True,False,True,False,True,False,False,430000,191487.04349206347,238512.95650793653,238512.95650793653
14,212814,True,False,False,False,False,False,True,False,False,False,False,850000,548775.0,301225.0,301225.0
9,44000,True,False,False,False,False,False,True,False,False,False,False,509999,688800.0,-178801.0,178801.0
14,85000,True,False,False,False,True,False,True,False,False,False,False,200000,319944.19943944947,-119944.19943944947,119944.19943944947
11,55340,False,False,False,True,False,True,True,False,False,False,False,760000,760000.0,0.0,0.0
20,120000,False,False,False,True,True,False,True,False,False,False,True,52000,98146.44444444445,-46146.44444444445,46146.44444444445
12,120000,True,False,False,False,True,False,True,False,False,False,False,250000,336969.3181818182,-86969.31818181818,86969.31818181818
14,90000,False,False,False,True,True,False,True,False,True,False,False,368000,235109.1616161616,132890.8383838384,132890.8383838384
15,51687,False,False,False,True,False,False,True,False,False,False,False,275000,248393.70666666667,26606.293333333335,26606.293333333335
14,70000,True,False,False,False,True,False,True,False,True,False,False,200000,276309.8388278389,-76309.83882783889,76309.83882783889
11,68000,True,False,False,False,True,False,True,False,False,False,False,650000,576514.1691919192,73485.83080808085,73485.83080808085
28,70000,False,False,False,True,True,False,True,False,False,False,True,42000,50990.0,-8990.0,8990.0
18,70000,False,False,False,True,True,False,False,False,False,False,False,140000,207880.0,-67880.0,67880.0
10,29600,True,False,False,False,False,False,True,False,False,False,False,700000,506544.9975,193455.0025,193455.0025
11,50000,True,False,False,False,True,False,True,False,False,False,False,450000,523924.21273171273,-73924.21273171273,73924.21273171273
12,145000,True,False,False,False,True,False,True,False,True,False,False,750000,448049.99,301950.01,301950.01
16,130000,True,False,False,False,True,False,True,False,True,False,False,300000,284097.9512857142,15902.048714285775,15902.048714285775
11,100000,False,False,False,True,True,False,True,False,False,False,True,229999,318006.52380952385,-88007.52380952385,88007.52380952385
17,80000,False,False,False,True,True,False,True,False,True,False,False,210000,161271.4778690476,48728.52213095239,48728.52213095239
16,50000,False,False,False,True,True,False,True,False,False,False,False,260000,305825.7431457432,-45825.74314574321,45825.74314574321
13,75000,True,False,False,False,True,False,True,False,True,False,False,550000,548788.9664502165,1211.0335497835185,1211.0335497835185
10,30000,False,False,False,True,False,False,True,False,False,False,False,625000,366642.74503274506,258357.25496725494,258357.25496725494
21,126000,False,False,False,True,True,False,True,False,True,False,False,60000,101262.5,-41262.5,41262.5
10,100000,True,False,False,False,True,False,True,False,False,False,False,610000,615423.5546666667,-5423.554666666663,5423.554666666663
10,30000,False,False,False,True,True,False,True,False,False,False,False,600000,284144.3070818072,315855.6929181928,315855.6929181928
14,70070,True,False,False,False,False,False,False,False,False,False,False,465000,616390.0,-151390.0,151390.0
13,94000,True,False,False,False,True,False,True,False,True,False,False,325000,156855.1101904762,168144.8898095238,168144.8898095238
18,70000,False,False,False,True,True,False,True,False,False,False,True,114999,144822.77777777775,-29823.777777777752,29823.777777777752
13,135000,True,False,False,False,False,False,True,False,True,False,False,210000,537500.0,-327500.0,327500.0
9,26500,False,False,False,True,True,False,True,False,False,False,False,486000,496088.33333333326,-10088.333333333256,10088.333333333256
9,45087,True,False,False,False,False,False,True,False,False,False,False,475000,682000.0,-207000.0,207000.0
10,90000,False,False,False,True,True,False,True,False,False,False,False,285000,310422.51428571425,-25422.51428571425,25422.51428571425
11,32000,True,False,False,False,True,False,True,False,False,False,False,550000,525057.3358333333,24942.664166666684,24942.664166666684
13,55000,True,False,False,False,True,False,True,False,False,False,False,250000,254599.94,-4599.940000000002,4599.940000000002
13,90000,True,False,False,False,True,False,True,False,True,False,False,320000,293421.6638095238,26578.3361904762,26578.3361904762
13,200000,True,False,False,False,True,False,True,False,True,False,False,250000,346400.0,-96400.0,96400.0
6,1111,False,False,False,True,False,False,True,False,False,True,False,746000,891889.5442023808,-145889.5442023808,145889.5442023808
11,23600,False,False,False,True,False,False,True,False,False,False,False,365000,425220.0,-60220.0,60220.0
12,120000,True,False,False,False,True,False,True,False,True,False,False,500000,338949.0476190477,161050.9523809523,161050.9523809523
12,120000,True,False,False,False,True,False,True,False,False,False,False,500000,336969.3181818182,163030.68181818182,163030.68181818182
15,36000,False,False,False,True,False,False,True,False,False,False,False,180000,243010.0,-63010.0,63010.0
9,60000,True,False,False,False,True,False,True,False,True,False,False,1000000,879404.5670995672,120595.43290043285,120595.43290043285
11,28217,False,False,False,True,False,True,True,False,False,False,False,415000,587650.0,-172650.0,172650.0
16,50000,False,False,False,True,True,False,True,False,False,False,False,200000,305825.7431457432,-105825.74314574321,105825.74314574321
11,15000,False,False,False,True,True,False,True,False,True,False,False,280000,292533.3333333333,-12533.333333333314,12533.333333333314
14,80000,True,False,False,False,True,False,True,False,False,False,False,450000,483429.872504946,-33429.87250494602,33429.87250494602
10,39415,False,False,False,True,False,True,False,False,True,False,False,450000,586800.0,-136800.0,136800.0
19,47000,False,False,False,True,False,False,False,False,False,False,False,250000,532760.0,-282760.0,282760.0
12,90000,False,False,False,True,True,False,True,False,False,False,False,160000,337130.2142857143,-177130.21428571432,177130.21428571432
17,15000,False,False,False,True,True,False,True,False,False,False,False,300000,257650.0,42350.0,42350.0
11,50000,True,False,False,False,True,False,True,False,False,False,False,630000,523924.21273171273,106075.78726828727,106075.78726828727
16,60000,False,False,False,True,True,False,True,False,False,False,False,409999,162185.98361635586,247813.01638364414,247813.01638364414
9,43000,True,False,False,False,True,False,True,False,False,False,False,450000,707430.627223582,-257430.627223582,257430.627223582
17,68350,True,False,False,False,False,False,True,False,False,False,False,400000,183190.0,216810.0,216810.0
18,120000,False,False,False,True,True,False,True,False,False,False,False,80000,115562.99603174599,-35562.99603174599,35562.99603174599
16,98000,False,False,False,False,True,False,True,False,True,False,False,130000,240112.49,-110112.48999999999,110112.48999999999
21,50000,True,False,False,False,True,False,True,False,True,False,False,120000,166770.0,-46770.0,46770.0
16,70000,False,False,False,True,True,False,True,False,True,False,False,130000,271193.6735231435,-141193.67352314352,141193.67352314352
17,136000,True,False,False,False,True,False,True,False,True,False,False,175000,478193.31041810976,-303193.31041810976,303193.31041810976
16,70000,False,False,False,True,True,False,True,False,False,False,False,115999,193078.89709573763,-77079.89709573763,77079.89709573763
12,40000,False,False,False,True,False,False,True,False,False,False,False,350000,283479.1666666666,66520.83333333337,66520.83333333337
8,70000,True,False,False,False,True,False,True,False,False,False,False,695000,800380.9523809525,-105380.95238095254,105380.95238095254
7,120000,False,False,False,False,True,False,True,False,False,False,False,300000,392956.6666666666,-92956.66666666663,92956.66666666663
13,60000,False,False,False,True,True,False,True,False,False,False,False,370000,257984.16666666663,112015.83333333337,112015.83333333337
9,13599,False,False,False,True,False,False,False,False,False,False,False,825000,716999.89,108000.10999999999,108000.10999999999
11,45000,True,False,False,False,False,False,False,False,False,False,False,740000,685560.0,54440.0,54440.0
14,120000,True,False,False,False,True,False,True,False,False,False,False,250000,174087.8497890998,75912.1502109002,75912.1502109002
18,80000,False,False,False,True,True,False,True,False,True,False,False,120000,220989.3860520313,-100989.3860520313,100989.3860520313
9,64000,True,False,False,False,False,False,True,False,False,False,False,880000,832088.888888889,47911.11111111101,47911.11111111101
14,25000,True,False,False,False,True,False,True,False,False,False,False,300000,331099.9,-31099.900000000023,31099.900000000023
9,25000,False,False,False,True,False,False,True,False,False,False,False,350000,574061.6666666666,-224061.66666666663,224061.66666666663
22,120000,True,False,False,False,True,False,True,False,False,False,False,195000,153975.0,41025.0,41025.0
19,60000,False,False,False,True,True,False,True,False,False,False,True,130000,117153.92857142852,12846.071428571478,12846.071428571478
15,110000,True,False,False,False,True,False,True,False,False,False,False,280000,322219.4047619048,-42219.40476190479,42219.40476190479
18,67000,False,False,False,True,True,False,True,False,False,False,False,145000,100048.99666666666,44951.00333333334,44951.00333333334
13,1000,True,False,False,False,False,False,True,False,True,False,False,450000,450000.0,0.0,0.0
12,39227,False,False,False,True,False,False,True,False,False,False,False,355000,342850.0,12150.0,12150.0
19,84000,False,False,False,True,True,False,True,False,True,False,False,150000,101541.61752136756,48458.38247863244,48458.38247863244
11,40000,False,False,False,True,True,False,True,False,False,False,False,320000,266802.3836643356,53197.61633566441,53197.61633566441
9,18054,False,False,False,True,False,False,True,False,False,False,False,750000,339999.95,410000.05,410000.05
11,80000,False,False,False,True,True,False,True,False,True,False,False,170000,361408.33333333326,-191408.33333333326,191408.33333333326
18,90000,False,False,False,True,True,False,True,False,True,False,False,200000,130144.72582972581,69855.27417027419,69855.27417027419
11,29000,False,False,False,True,False,False,True,False,False,False,False,434999,424434.0386002886,10564.961399711377,10564.961399711377
17,70000,False,False,False,False,True,False,True,False,False,False,True,160000,188733.3333333333,-28733.333333333314,28733.333333333314
15,31000,True,False,False,False,True,False,True,False,False,False,False,500000,182943.33333333337,317056.6666666666,317056.6666666666
14,55000,True,False,False,False,True,False,True,False,True,False,False,265000,339139.43209523807,-74139.43209523807,74139.43209523807
19,60000,False,False,False,True,True,False,True,True,False,False,False,110000,90815.23809523812,19184.76190476188,19184.76190476188
14,70000,True,False,False,False,True,False,True,False,False,False,False,400000,438254.43145743146,-38254.43145743146,38254.43145743146
21,4637,False,False,False,True,True,False,True,False,True,False,False,61000,67400.0,-6400.0,6400.0
28,35000,False,False,False,True,True,False,False,False,True,False,False,1000000,708840.0,291160.0,291160.0
12,130000,True,False,False,False,True,False,True,False,False,False,False,700000,326605.4761904762,373394.5238095238,373394.5238095238
10,25000,False,False,False,True,True,False,True,False,False,False,False,400000,404062.63338661194,-4062.6333866119385,4062.6333866119385
11,46000,False,False,False,True,True,False,True,False,False,False,False,565000,311096.49999999994,253903.50000000006,253903.50000000006
12,80000,True,False,False,False,False,False,True,False,False,False,False,495000,563973.2142857142,-68973.2142857142,68973.2142857142
17,50000,False,False,False,True,True,False,True,False,False,False,False,300000,279674.6031746032,20325.396825396805,20325.396825396805
12,37605,False,False,False,True,False,False,True,False,False,False,False,260000,280859.99,-20859.98999999999,20859.98999999999
9,50000,True,False,False,False,True,False,True,False,False,False,False,800000,728548.3784246584,71451.62157534156,71451.62157534156
14,160000,True,False,False,False,False,False,True,False,False,False,False,800000,385150.0,414850.0,414850.0
9,36000,True,False,False,False,False,False,True,False,False,False,False,425000,577013.3333333334,-152013.33333333337,152013.33333333337
15,160000,False,False,False,True,True,False,True,False,True,False,False,150000,182133.33333333337,-32133.333333333372,32133.333333333372
8,37000,True,False,False,False,False,False,True,False,False,False,False,650000,680293.75,-30293.75,30293.75
6,101,True,False,False,False,False,False,True,False,False,True,False,1000000,710439.99,289560.01,289560.01
10,7104,False,False,False,True,False,True,True,False,False,False,False,670000,670000.0,0.0,0.0
8,25000,True,False,False,False,True,False,True,False,False,False,False,700000,703330.7699245199,-3330.769924519933,3330.769924519933
14,38000,False,False,False,True,True,False,True,False,False,False,False,350000,275486.8947619047,74513.10523809528,74513.10523809528
13,110000,True,False,False,False,True,False,True,False,False,False,False,400000,319464.6428571428,80535.35714285722,80535.35714285722
15,43128,True,False,False,False,False,False,True,False,False,False,False,211000,231251.0,-20251.0,20251.0
14,110000,False,False,False,True,True,False,True,False,True,False,False,290000,225000.0,65000.0,65000.0
15,40000,False,False,False,True,True,False,True,False,False,False,False,151000,213439.6428571429,-62439.6428571429,62439.6428571429
12,42000,False,False,False,True,True,False,True,False,False,False,False,220000,275463.57416666666,-55463.57416666666,55463.57416666666
10,40000,False,False,False,True,True,False,True,False,False,False,False,300000,329967.2913197913,-29967.291319791286,29967.291319791286
13,63000,True,False,False,False,True,False,True,False,False,False,False,330000,225831.06060606058,104168.93939393942,104168.93939393942
8,50852,False,False,False,True,True,False,True,False,False,False,False,300000,632671.4285714286,-332671.42857142864,332671.42857142864
13,45264,True,False,False,False,False,False,True,False,False,False,False,580000,347650.0,232350.0,232350.0
6,7000,False,False,False,False,True,False,True,False,False,False,False,495000,570632.3152958151,-75632.31529581512,75632.31529581512
22,79000,False,False,False,True,True,False,True,False,True,False,False,105000,121357.002987013,-16357.002987012995,16357.002987012995
9,80362,True,False,False,False,True,False,True,False,False,False,False,600000,483011.3639138639,116988.6360861361,116988.6360861361
13,107000,True,False,False,False,True,False,True,False,False,False,False,400000,450269.16666666674,-50269.166666666744,50269.166666666744
19,50000,False,False,False,True,True,False,True,False,True,False,False,123000,120639.16666666669,2360.833333333314,2360.833333333314
15,11473,False,False,False,True,False,False,True,False,False,False,False,385000,369599.99,15400.01000000001,15400.01000000001
11,73000,True,False,False,False,True,False,True,False,False,False,True,430000,423577.77777777775,6422.222222222248,6422.222222222248
13,60000,False,False,False,True,True,False,True,False,False,False,False,200000,257984.16666666663,-57984.16666666663,57984.16666666663
15,46000,False,False,False,True,True,False,True,False,False,False,False,235000,214480.44619047618,20519.553809523815,20519.553809523815
14,72000,True,False,False,False,False,False,True,False,False,False,False,565000,558950.0,6050.0,6050.0
13,33000,True,False,False,False,True,False,True,False,True,False,False,390000,423750.0,-33750.0,33750.0
9,35000,False,False,False,True,True,False,True,False,False,False,False,409999,592909.0000000001,-182910.00000000012,182910.00000000012
10,65000,True,False,False,False,False,False,True,False,False,False,False,630000,780724.5898333335,-150724.5898333335,150724.5898333335
20,90000,False,False,False,True,True,False,False,False,True,False,False,160000,207300.0,-47300.0,47300.0
16,90000,True,False,False,False,True,False,True,False,False,False,True,170000,222725.00000000003,-52725.00000000003,52725.00000000003
18,120000,False,False,False,True,True,False,True,False,False,False,False,140000,115562.99603174599,24437.00396825401,24437.00396825401
16,70000,True,False,False,False,True,False,True,False,True,False,False,150000,270983.49206349207,-120983.49206349207,120983.49206349207
12,70000,True,False,False,False,True,False,True,False,True,False,False,500000,513365.39682539686,-13365.396825396863,13365.396825396863
9,60000,True,False,False,False,True,False,True,False,False,False,False,600000,641899.146964147,-41899.14696414699,41899.14696414699
18,90000,True,False,False,False,True,False,True,False,True,False,False,195000,191925.0,3075.0,3075.0
19,70000,False,False,False,True,True,False,True,False,False,False,False,100000,69487.5,30512.5,30512.5
10,43377,True,False,False,False,False,False,True,False,False,False,False,910000,492804.8,417195.2,417195.2
16,144000,True,False,False,False,True,False,True,True,False,False,False,130000,387170.0,-257170.0,257170.0
14,50000,False,False,False,True,True,False,True,False,False,False,False,210000,241096.58008658007,-31096.58008658007,31096.58008658007
13,90000,True,False,False,False,True,False,True,False,False,False,True,280000,441967.59740259754,-161967.59740259754,161967.59740259754
9,53000,False,False,False,True,True,False,True,False,False,False,False,600000,372293.5228415376,227706.4771584624,227706.4771584624
14,80000,True,False,False,False,True,False,True,False,True,False,False,620000,358061.5550625846,261938.44493741542,261938.44493741542
13,80000,False,False,False,True,True,False,True,False,False,False,False,175000,213077.07106782097,-38077.07106782097,38077.07106782097
15,65000,False,False,False,True,False,False,True,False,False,False,False,225000,257727.49,-32727.48999999999,32727.48999999999
11,14272,False,False,False,True,False,False,True,False,False,False,False,530000,464400.0,65600.0,65600.0
19,110000,True,False,False,False,True,False,False,True,False,False,False,400000,603650.0,-203650.0,203650.0
13,89000,True,False,False,False,False,False,True,False,False,False,False,640000,546499.4,93500.59999999998,93500.59999999998
17,120000,True,False,False,False,True,False,True,False,False,False,True,150000,286216.6666666666,-136216.66666666663,136216.66666666663
15,60000,False,False,False,True,True,False,True,False,False,False,False,150000,236677.37095238094,-86677.37095238094,86677.37095238094
12,43000,False,False,False,True,False,False,True,False,False,False,False,225000,334787.5,-109787.5,109787.5
18,120000,True,False,False,False,True,False,True,False,True,False,False,325000,262253.8621762682,62746.13782373181,62746.13782373181
12,7000,False,False,False,True,True,False,True,False,True,False,False,45000,154419.95,-109419.95000000001,109419.95000000001
13,93283,True,False,False,False,False,False,True,False,False,False,False,600000,401199.96,198800.03999999998,198800.03999999998
10,41000,False,False,False,True,False,False,True,False,False,False,False,239000,249519.91381167862,-10519.91381167862,10519.91381167862
8,8000,False,False,False,True,True,False,True,False,False,False,False,550000,503511.66333333333,46488.33666666667,46488.33666666667
11,25000,False,False,False,True,True,False,True,False,False,False,False,380000,483458.43628593633,-103458.43628593633,103458.43628593633
14,60000,True,False,False,False,True,False,True,False,False,False,False,270000,181983.27,88016.73000000001,88016.73000000001
14,8000,False,False,False,True,True,False,True,False,False,False,False,250000,420549.97,-170549.96999999997,170549.96999999997
14,99000,True,False,False,False,False,False,True,False,False,False,False,400000,327233.3333333333,72766.66666666669,72766.66666666669
6,1010,False,False,False,True,False,False,True,False,False,True,False,811999,890526.3634166664,-78527.3634166664,78527.3634166664
7,80000,False,False,False,True,True,False,True,False,False,False,False,600000,491657.99,108342.01000000001,108342.01000000001
19,39000,True,False,False,False,True,False,True,False,False,False,False,100000,235970.0,-135970.0,135970.0
11,10000,False,False,False,True,True,False,True,False,False,False,False,500000,609549.98,-109549.97999999998,109549.97999999998
14,55000,True,False,False,False,True,False,True,False,True,False,False,265000,339139.43209523807,-74139.43209523807,74139.43209523807
13,60000,False,False,False,True,True,False,True,False,True,False,False,900000,335309.99,564690.01,564690.01
16,110000,False,False,False,True,True,False,True,False,True,False,False,270000,163057.5,106942.5,106942.5
16,90000,False,False,False,True,True,False,True,False,True,False,False,254999,192920.9056904762,62078.09430952379,62078.09430952379
13,127884,True,False,False,False,False,False,True,False,False,False,False,315000,556764.2757142857,-241764.27571428567,241764.27571428567
11,50000,True,False,False,False,True,False,True,False,False,False,False,550000,523924.21273171273,26075.78726828727,26075.78726828727
24,100000,False,False,False,True,True,False,True,False,False,False,False,145000,135015.0,9985.0,9985.0
17,90246,False,False,False,True,True,False,True,False,False,False,True,150000,147730.61961904762,2269.3803809523815,2269.3803809523815
14,185000,True,False,False,False,True,False,True,False,True,False,False,130000,399275.0,-269275.0,269275.0
9,50000,True,False,False,False,True,False,True,False,False,False,False,690000,728548.3784246584,-38548.37842465844,38548.37842465844
19,54000,False,False,False,True,True,False,False,False,True,False,False,200000,274115.0,-74115.0,74115.0
14,77000,True,False,False,False,False,False,True,False,False,False,True,335000,428220.35714285716,-93220.35714285716,93220.35714285716
21,50000,False,False,False,True,True,False,True,False,True,False,False,125000,96369.58333333331,28630.416666666686,28630.416666666686
12,150000,True,False,False,False,True,False,True,False,False,False,False,300000,409699.99,-109699.98999999999,109699.98999999999
12,110000,True,False,False,False,True,False,True,False,True,False,False,315000,485132.5577200577,-170132.55772005772,170132.55772005772
26,120000,False,False,False,True,True,False,True,False,False,False,False,100000,75008.99999999999,24991.000000000015,24991.000000000015
11,92198,False,False,False,True,False,False,True,False,True,False,False,225000,418840.0,-193840.0,193840.0
9,40000,True,False,False,False,True,False,True,False,False,False,False,650000,689002.4999431971,-39002.49994319712,39002.49994319712
16,100000,True,False,False,False,True,False,True,False,False,False,False,600000,295896.0,304104.0,304104.0
21,170000,False,False,False,True,True,False,True,False,False,False,True,70000,72605.54,-2605.5399999999936,2605.5399999999936
11,77000,True,False,False,False,True,False,True,False,True,False,False,530000,500995.75632034615,29004.243679653853,29004.243679653853
